Workbook

Sheet Resumen Consolidado Dirección
B2: CODIAGRO · RESUMEN DIRECCIÓN: REVISIÓN DE PREVISIONES Q4 2026
B3: Consolidado de Desviaciones de Septiembre y Previsiones hasta Final de Año (Octubre a Diciembre) | Cierre Sep: 01/10/2026
B5: INFORMACIÓN COMERCIAL | D5: CIERRE SEPTIEMBRE 2026 (REAL vs PREVISTO) | H5: PREVISIÓN CARTERA HASTA FINAL DE AÑO (Q4 2026) | L5: VALIDACIÓN
B6: Comercial | C6: Clientes Activos | D6: Sep Previsto (u) | E6: Sep Real (u) | F6: Desv. Sep (u) | G6: % Consec. | H6: Oct Previsto (u) | I6: Nov Previsto (u) | J6: Dic Previsto (u) | K6: Total Q4 Previsto (u) | L6: Estado Cierre Sep
B7: Alfonso | C7: 29 | D7: ='Alfonso'!F44 | E7: ='Alfonso'!G44 | F7: ='Alfonso'!H44 | G7: ='Alfonso'!I44 | H7: ='Alfonso'!L44 | I7: ='Alfonso'!N44 | J7: ='Alfonso'!P44 | K7: ='Alfonso'!R44 | L7: =IF(G7>=1.0, "Superado (+)", IF(G7>=0.7, "En Rango", "Revisar"))
B8: García | C8: 24 | D8: ='García'!F128 | E8: ='García'!G128 | F8: ='García'!H128 | G8: ='García'!I128 | H8: ='García'!L128 | I8: ='García'!N128 | J8: ='García'!P128 | K8: ='García'!R128 | L8: =IF(G8>=1.0, "Superado (+)", IF(G8>=0.7, "En Rango", "Revisar"))
B9: Irene | C9: 6 | D9: ='Irene'!F74 | E9: ='Irene'!G74 | F9: ='Irene'!H74 | G9: ='Irene'!I74 | H9: ='Irene'!L74 | I9: ='Irene'!N74 | J9: ='Irene'!P74 | K9: ='Irene'!R74 | L9: =IF(G9>=1.0, "Superado (+)", IF(G9>=0.7, "En Rango", "Revisar"))
B10: Javier | C10: 5 | D10: ='Javier'!F82 | E10: ='Javier'!G82 | F10: ='Javier'!H82 | G10: ='Javier'!I82 | H10: ='Javier'!L82 | I10: ='Javier'!N82 | J10: ='Javier'!P82 | K10: ='Javier'!R82 | L10: =IF(G10>=1.0, "Superado (+)", IF(G10>=0.7, "En Rango", "Revisar"))
B11: Mehmet | C11: 5 | D11: ='Mehmet'!F48 | E11: ='Mehmet'!G48 | F11: ='Mehmet'!H48 | G11: ='Mehmet'!I48 | H11: ='Mehmet'!L48 | I11: ='Mehmet'!N48 | J11: ='Mehmet'!P48 | K11: ='Mehmet'!R48 | L11: =IF(G11>=1.0, "Superado (+)", IF(G11>=0.7, "En Rango", "Revisar"))
B12: Pedro | C12: 3 | D12: ='Pedro'!F52 | E12: ='Pedro'!G52 | F12: ='Pedro'!H52 | G12: ='Pedro'!I52 | H12: ='Pedro'!L52 | I12: ='Pedro'!N52 | J12: ='Pedro'!P52 | K12: ='Pedro'!R52 | L12: =IF(G12>=1.0, "Superado (+)", IF(G12>=0.7, "En Rango", "Revisar"))
B13: Ricardo | C13: 11 | D13: ='Ricardo'!F111 | E13: ='Ricardo'!G111 | F13: ='Ricardo'!H111 | G13: ='Ricardo'!I111 | H13: ='Ricardo'!L111 | I13: ='Ricardo'!N111 | J13: ='Ricardo'!P111 | K13: ='Ricardo'!R111 | L13: =IF(G13>=1.0, "Superado (+)", IF(G13>=0.7, "En Rango", "Revisar"))
B14: TOTAL CODIAGRO | C14: =SUM(C7:C13) | D14: =SUM(D7:D13) | E14: =SUM(E7:E13) | F14: =SUM(F7:F13) | G14: =E14/D14 | H14: =SUM(H7:H13) | I14: =SUM(I7:I13) | J14: =SUM(J7:J13) | K14: =SUM(K7:K13) | L14: CONSOLIDADO

Sheet Alfonso
B2: CODIAGRO · ACTUALIZACIÓN DE PREVISIONES COMERCIALES Q4 2026 (OCTUBRE - DICIEMBRE)
B3: DELEGADO COMERCIAL: ALFONSO | Cierre Septiembre Oficial (01/10/2026) vs Previsiones a Final de Año | Generado: 01/10/2026 14:16
B4: 📌 INSTRUCCIONES: 1) Revise el bloque de SEPTIEMBRE (Previsto, Real, Desviación en Valor Absoluto y % Consecución) e indique en col. J el motivo de la desviación (adelanto, atraso, extra). 2) En las columnas verdes (L, N, P), revise y actualice las cantidades estimadas de Octubre, Noviembre y Diciembre si prevé cambios. 3) Comente en col. T cualquier nota de campaña.
B5: PREVISTO SEP 2026 (U) | E5: REAL PEDIDOS SEP 2026 (U) | H5: % CONSECUCIÓN SEP | K5: PREVISIÓN INICIAL Q4 (U) | N5: PREVISIÓN REVISADA Q4 (U) | Q5: VARIACIÓN NETA Q4 (U)
B6: =F44 | E6: =G44 | H6: =I44 | K6: =Q44 | N6: =R44 | Q6: =S44
B8: DATOS CLIENTE Y ARTÍCULO | F8: CIERRE SEPTIEMBRE 2026 (CALIBRACIÓN Y ANÁLISIS) | K8: REVISIÓN PREVISIONES MES A MES (HASTA FINAL DE AÑO 2026) | Q8: IMPACTO Q4 Y JUSTIFICACIÓN
B9: País | C9: Cliente | D9: Cód. SKU | E9: Descripción Artículo | F9: Sep Previsto (u) | G9: Sep Real (u) | H9: Desv. Sep (u) | I9: % Consec. | J9: Comentario Sep (¿Adelanto/Atraso/Extra?) | K9: Oct Anterior (u) | L9: Oct Revisado (u) | M9: Nov Anterior (u) | N9: Nov Revisado (u) | O9: Dic Anterior (u) | P9: Dic Revisado (u) | Q9: Total Q4 Ant (u) | R9: Total Q4 Rev (u) | S9: Dif Q4 (u) | T9: Comentarios / Justificación Q4
B10: ESPAÑA | C10: ACTIV. PRODUC. Y COMERC. LA VEGUILLA, SL | D10: BIO0020 | E10: BIORAD-20, 20 L | F10: 960 | G10: 1280 | H10: =ABS(G10-F10) | I10: =IF(F10>0, G10/F10, IF(G10>0, 1.0, 0.0)) | K10: 960 | L10: 960 | M10: 0 | N10: 0 | O10: 960 | P10: 960 | Q10: =K10+M10+O10 | R10: =L10+N10+P10 | S10: =R10-Q10
B11: ESPAÑA | C11: ACTIV. PRODUC. Y COMERC. LA VEGUILLA, SL | D11: BROTA0020 | E11: BROTAMEC, 20 L | F11: 960 | G11: 1920 | H11: =ABS(G11-F11) | I11: =IF(F11>0, G11/F11, IF(G11>0, 1.0, 0.0)) | K11: 920 | L11: 920 | M11: 0 | N11: 0 | O11: 960 | P11: 960 | Q11: =K11+M11+O11 | R11: =L11+N11+P11 | S11: =R11-Q11
B12: ESPAÑA | C12: AGRICOLA DEL JUCAR DE CUENCA, S.L. | D12: C-CU0020 | E12: CODICOBRE, 20 L | F12: 0 | G12: 100 | H12: =ABS(G12-F12) | I12: =IF(F12>0, G12/F12, IF(G12>0, 1.0, 0.0)) | J12: Pedido extra no previsto | K12: 0 | L12: 0 | M12: 0 | N12: 0 | O12: 0 | P12: 0 | Q12: =K12+M12+O12 | R12: =L12+N12+P12 | S12: =R12-Q12
B13: ESPAÑA | C13: AGRICOLA DEL JUCAR DE CUENCA, S.L. | D13: C-L0020 | E13: CODIBOR-L, 20 L | F13: 0 | G13: 200 | H13: =ABS(G13-F13) | I13: =IF(F13>0, G13/F13, IF(G13>0, 1.0, 0.0)) | J13: Pedido extra no previsto | K13: 0 | L13: 0 | M13: 0 | N13: 0 | O13: 0 | P13: 0 | Q13: =K13+M13+O13 | R13: =L13+N13+P13 | S13: =R13-Q13
B14: ESPAÑA | C14: AGROTÉCNICA DEL NORTE, S.L | D14: A-50(2)0005 | E14: CODIORGAN-A50, 5 KG | F14: 0 | G14: 500 | H14: =ABS(G14-F14) | I14: =IF(F14>0, G14/F14, IF(G14>0, 1.0, 0.0)) | J14: Pedido extra no previsto | K14: 0 | L14: 0 | M14: 0 | N14: 0 | O14: 0 | P14: 0 | Q14: =K14+M14+O14 | R14: =L14+N14+P14 | S14: =R14-Q14
B15: ESPAÑA | C15: AGROTÉCNICA DEL NORTE, S.L | D15: AGRMG0005 | E15: AGROXIGREEN-MG, 5 L | F15: 0 | G15: 300 | H15: =ABS(G15-F15) | I15: =IF(F15>0, G15/F15, IF(G15>0, 1.0, 0.0)) | J15: Pedido extra no previsto | K15: 0 | L15: 0 | M15: 0 | N15: 0 | O15: 0 | P15: 0 | Q15: =K15+M15+O15 | R15: =L15+N15+P15 | S15: =R15-Q15
B16: ESPAÑA | C16: AGROTÉCNICA DEL NORTE, S.L | D16: PT0005 | E16: AGROPOTASION, 5 L | F16: 0 | G16: 400 | H16: =ABS(G16-F16) | I16: =IF(F16>0, G16/F16, IF(G16>0, 1.0, 0.0)) | J16: Pedido extra no previsto | K16: 0 | L16: 0 | M16: 0 | N16: 0 | O16: 0 | P16: 0 | Q16: =K16+M16+O16 | R16: =L16+N16+P16 | S16: =R16-Q16
B17: ESPAÑA | C17: AGROVEYCA,S.L | D17: A-50(2)0005 | E17: CODIORGAN-A50, 5 KG | F17: 0 | G17: 400 | H17: =ABS(G17-F17) | I17: =IF(F17>0, G17/F17, IF(G17>0, 1.0, 0.0)) | J17: Pedido extra no previsto | K17: 0 | L17: 0 | M17: 0 | N17: 0 | O17: 0 | P17: 0 | Q17: =K17+M17+O17 | R17: =L17+N17+P17 | S17: =R17-Q17
B18: ESPAÑA | C18: AGROVEYCA,S.L | D18: BIO0020 | E18: BIORAD-20, 20 L | F18: 400 | G18: 320 | H18: =ABS(G18-F18) | I18: =IF(F18>0, G18/F18, IF(G18>0, 1.0, 0.0)) | K18: 300 | L18: 300 | M18: 400 | N18: 400 | O18: 0 | P18: 0 | Q18: =K18+M18+O18 | R18: =L18+N18+P18 | S18: =R18-Q18
B19: ESPAÑA | C19: AGROVEYCA,S.L | D19: BROTA0020 | E19: BROTAMEC, 20 L | F19: 0 | G19: 0 | H19: =ABS(G19-F19) | I19: =IF(F19>0, G19/F19, IF(G19>0, 1.0, 0.0)) | K19: 640 | L19: 640 | M19: 0 | N19: 0 | O19: 0 | P19: 0 | Q19: =K19+M19+O19 | R19: =L19+N19+P19 | S19: =R19-Q19
B20: ESPAÑA | C20: ASOC. HORTICULTORES DE VILLA DEL PRADO | D20: A-50(2)0005 | E20: CODIORGAN A-50, 5 KG | F20: 0 | G20: 50 | H20: =ABS(G20-F20) | I20: =IF(F20>0, G20/F20, IF(G20>0, 1.0, 0.0)) | J20: Pedido extra no previsto | K20: 0 | L20: 0 | M20: 0 | N20: 0 | O20: 0 | P20: 0 | Q20: =K20+M20+O20 | R20: =L20+N20+P20 | S20: =R20-Q20
B21: ESPAÑA | C21: ASOC. HORTICULTORES DE VILLA DEL PRADO | D21: AVAN0005 | E21: FLORAMEC AVANCE, 5 L | F21: 0 | G21: 100 | H21: =ABS(G21-F21) | I21: =IF(F21>0, G21/F21, IF(G21>0, 1.0, 0.0)) | J21: Pedido extra no previsto | K21: 0 | L21: 0 | M21: 0 | N21: 0 | O21: 0 | P21: 0 | Q21: =K21+M21+O21 | R21: =L21+N21+P21 | S21: =R21-Q21
B22: ESPAÑA | C22: ASOC. HORTICULTORES DE VILLA DEL PRADO | D22: C-CU0005 | E22: CODICOBRE, 5 L | F22: 0 | G22: 20 | H22: =ABS(G22-F22) | I22: =IF(F22>0, G22/F22, IF(G22>0, 1.0, 0.0)) | J22: Pedido extra no previsto | K22: 0 | L22: 0 | M22: 0 | N22: 0 | O22: 0 | P22: 0 | Q22: =K22+M22+O22 | R22: =L22+N22+P22 | S22: =R22-Q22
B23: ESPAÑA | C23: ASOC. HORTICULTORES DE VILLA DEL PRADO | D23: S0020 | E23: SALWAX STAR, 20 L | F23: 0 | G23: 40 | H23: =ABS(G23-F23) | I23: =IF(F23>0, G23/F23, IF(G23>0, 1.0, 0.0)) | J23: Pedido extra no previsto | K23: 0 | L23: 0 | M23: 0 | N23: 0 | O23: 0 | P23: 0 | Q23: =K23+M23+O23 | R23: =L23+N23+P23 | S23: =R23-Q23
B24: ESPAÑA | C24: BARDENAS COMERCIAL, S.L. | D24: AGRMG0005 | E24: AGROXIGREEN-MG, 5 L | F24: 0 | G24: 300 | H24: =ABS(G24-F24) | I24: =IF(F24>0, G24/F24, IF(G24>0, 1.0, 0.0)) | J24: Pedido extra no previsto | K24: 0 | L24: 0 | M24: 0 | N24: 0 | O24: 0 | P24: 0 | Q24: =K24+M24+O24 | R24: =L24+N24+P24 | S24: =R24-Q24
B25: ESPAÑA | C25: BARDENAS COMERCIAL, S.L. | D25: PT0005 | E25: AGROPOTASION, 5 L | F25: 0 | G25: 300 | H25: =ABS(G25-F25) | I25: =IF(F25>0, G25/F25, IF(G25>0, 1.0, 0.0)) | J25: Pedido extra no previsto | K25: 0 | L25: 0 | M25: 0 | N25: 0 | O25: 0 | P25: 0 | Q25: =K25+M25+O25 | R25: =L25+N25+P25 | S25: =R25-Q25
B26: ESPAÑA | C26: COMERCIAL NORTE AGROCAMPO, S.L. | D26: A-50(2)0020 | E26: CODIORGAN-A50, 20 KG | F26: 0 | G26: 40 | H26: =ABS(G26-F26) | I26: =IF(F26>0, G26/F26, IF(G26>0, 1.0, 0.0)) | J26: Pedido extra no previsto | K26: 0 | L26: 0 | M26: 0 | N26: 0 | O26: 0 | P26: 0 | Q26: =K26+M26+O26 | R26: =L26+N26+P26 | S26: =R26-Q26
B27: ESPAÑA | C27: COMERCIAL NORTE AGROCAMPO, S.L. | D27: AN0005 | E27: ALCAPLANT NEW, 5 KG | F27: 0 | G27: 20 | H27: =ABS(G27-F27) | I27: =IF(F27>0, G27/F27, IF(G27>0, 1.0, 0.0)) | J27: Pedido extra no previsto | K27: 0 | L27: 0 | M27: 0 | N27: 0 | O27: 0 | P27: 0 | Q27: =K27+M27+O27 | R27: =L27+N27+P27 | S27: =R27-Q27
B28: ESPAÑA | C28: COMERCIAL NORTE AGROCAMPO, S.L. | D28: BR-590005 | E28: BR-59, 5 KG | F28: 0 | G28: 60 | H28: =ABS(G28-F28) | I28: =IF(F28>0, G28/F28, IF(G28>0, 1.0, 0.0)) | J28: Pedido extra no previsto | K28: 0 | L28: 0 | M28: 0 | N28: 0 | O28: 0 | P28: 0 | Q28: =K28+M28+O28 | R28: =L28+N28+P28 | S28: =R28-Q28
B29: ESPAÑA | C29: COMERCIAL NORTE AGROCAMPO, S.L. | D29: BROTA0020 | E29: BROTAMEC, 20 L | F29: 0 | G29: 20 | H29: =ABS(G29-F29) | I29: =IF(F29>0, G29/F29, IF(G29>0, 1.0, 0.0)) | J29: Pedido extra no previsto | K29: 0 | L29: 0 | M29: 0 | N29: 0 | O29: 0 | P29: 0 | Q29: =K29+M29+O29 | R29: =L29+N29+P29 | S29: =R29-Q29
B30: ESPAÑA | C30: COMERCIAL NORTE AGROCAMPO, S.L. | D30: C-CU0005 | E30: CODICOBRE, 5 L | F30: 0 | G30: 20 | H30: =ABS(G30-F30) | I30: =IF(F30>0, G30/F30, IF(G30>0, 1.0, 0.0)) | J30: Pedido extra no previsto | K30: 0 | L30: 0 | M30: 0 | N30: 0 | O30: 0 | P30: 0 | Q30: =K30+M30+O30 | R30: =L30+N30+P30 | S30: =R30-Q30
B31: ESPAÑA | C31: COMERCIAL NORTE AGROCAMPO, S.L. | D31: PT0020 | E31: AGROPOTASION, 20 L | F31: 0 | G31: 20 | H31: =ABS(G31-F31) | I31: =IF(F31>0, G31/F31, IF(G31>0, 1.0, 0.0)) | J31: Pedido extra no previsto | K31: 0 | L31: 0 | M31: 0 | N31: 0 | O31: 0 | P31: 0 | Q31: =K31+M31+O31 | R31: =L31+N31+P31 | S31: =R31-Q31
... B40: ESPAÑA | C40: T.J AGRICULTURA S.L. | D40: SS0020 | E40: SALWAX-CA, 20 KG | F40: 0 | G40: 500 | H40: =ABS(G40-F40) | I40: =IF(F40>0, G40/F40, IF(G40>0, 1.0, 0.0)) | J40: Pedido extra no previsto | K40: 0 | L40: 0 | M40: 0 | N40: 0 | O40: 0 | P40: 0 | Q40: =K40+M40+O40 | R40: =L40+N40+P40 | S40: =R40-Q40
B41: ESPAÑA | C41: VILLALTA SATIVUM, S.L. | D41: BIO0020 | E41: BIORAD-20, 20 L | F41: 0 | G41: 0 | H41: =ABS(G41-F41) | I41: =IF(F41>0, G41/F41, IF(G41>0, 1.0, 0.0)) | K41: 300 | L41: 300 | M41: 0 | N41: 0 | O41: 0 | P41: 0 | Q41: =K41+M41+O41 | R41: =L41+N41+P41 | S41: =R41-Q41
B42: ESPAÑA | C42: VILLALTA SATIVUM, S.L. | D42: BROTA0020 | E42: BROTAMEC, 20 L | F42: 0 | G42: 0 | H42: =ABS(G42-F42) | I42: =IF(F42>0, G42/F42, IF(G42>0, 1.0, 0.0)) | K42: 640 | L42: 640 | M42: 0 | N42: 0 | O42: 0 | P42: 0 | Q42: =K42+M42+O42 | R42: =L42+N42+P42 | S42: =R42-Q42
B43: ESPAÑA | C43: VILLALTA SATIVUM, S.L. | D43: WHITE0020 | E43: AGROWHITE, 20 KG | F43: 0 | G43: 3460 | H43: =ABS(G43-F43) | I43: =IF(F43>0, G43/F43, IF(G43>0, 1.0, 0.0)) | J43: Pedido extra no previsto | K43: 0 | L43: 0 | M43: 0 | N43: 0 | O43: 0 | P43: 0 | Q43: =K43+M43+O43 | R43: =L43+N43+P43 | S43: =R43-Q43
B44: TOTAL CONSOLIDADO - ALFONSO (UNIDADES) | F44: =SUM(F10:F43) | G44: =SUM(G10:G43) | H44: =SUM(H10:H43) | I44: =IF(F44>0, G44/F44, 1.0) | K44: =SUM(K10:K43) | L44: =SUM(L10:L43) | M44: =SUM(M10:M43) | N44: =SUM(N10:N43) | O44: =SUM(O10:O43) | P44: =SUM(P10:P43) | Q44: =SUM(Q10:Q43) | R44: =SUM(R10:R43) | S44: =SUM(S10:S43)

Sheet García
B2: CODIAGRO · ACTUALIZACIÓN DE PREVISIONES COMERCIALES Q4 2026 (OCTUBRE - DICIEMBRE)
B3: DELEGADO COMERCIAL: GARCÍA | Cierre Septiembre Oficial (01/10/2026) vs Previsiones a Final de Año | Generado: 01/10/2026 14:17
B4: 📌 INSTRUCCIONES: 1) Revise el bloque de SEPTIEMBRE (Previsto, Real, Desviación en Valor Absoluto y % Consecución) e indique en col. J el motivo de la desviación (adelanto, atraso, extra). 2) En las columnas verdes (L, N, P), revise y actualice las cantidades estimadas de Octubre, Noviembre y Diciembre si prevé cambios. 3) Comente en col. T cualquier nota de campaña.
B5: PREVISTO SEP 2026 (U) | E5: REAL PEDIDOS SEP 2026 (U) | H5: % CONSECUCIÓN SEP | K5: PREVISIÓN INICIAL Q4 (U) | N5: PREVISIÓN REVISADA Q4 (U) | Q5: VARIACIÓN NETA Q4 (U)
B6: =F128 | E6: =G128 | H6: =I128 | K6: =Q128 | N6: =R128 | Q6: =S128
B8: DATOS CLIENTE Y ARTÍCULO | F8: CIERRE SEPTIEMBRE 2026 (CALIBRACIÓN Y ANÁLISIS) | K8: REVISIÓN PREVISIONES MES A MES (HASTA FINAL DE AÑO 2026) | Q8: IMPACTO Q4 Y JUSTIFICACIÓN
B9: País | C9: Cliente | D9: Cód. SKU | E9: Descripción Artículo | F9: Sep Previsto (u) | G9: Sep Real (u) | H9: Desv. Sep (u) | I9: % Consec. | J9: Comentario Sep (¿Adelanto/Atraso/Extra?) | K9: Oct Anterior (u) | L9: Oct Revisado (u) | M9: Nov Anterior (u) | N9: Nov Revisado (u) | O9: Dic Anterior (u) | P9: Dic Revisado (u) | Q9: Total Q4 Ant (u) | R9: Total Q4 Rev (u) | S9: Dif Q4 (u) | T9: Comentarios / Justificación Q4
B10: ESPAÑA | C10: AGROGIMEDEL, S.L.U. | D10: AGZNP0005 | E10: AGROXILATO ZN PLUS, 5 KG | F10: 700 | G10: 0 | H10: =ABS(G10-F10) | I10: =IF(F10>0, G10/F10, IF(G10>0, 1.0, 0.0)) | K10: 0 | L10: 0 | M10: 0 | N10: 0 | O10: 200 | P10: 200 | Q10: =K10+M10+O10 | R10: =L10+N10+P10 | S10: =R10-Q10
B11: ESPAÑA | C11: AGRONEW FITO, S.L. | D11: AGXK0020 | E11: AGROXILATO-K, 20 L | F11: 0 | G11: 0 | H11: =ABS(G11-F11) | I11: =IF(F11>0, G11/F11, IF(G11>0, 1.0, 0.0)) | K11: 0 | L11: 0 | M11: 1280 | N11: 1280 | O11: 0 | P11: 0 | Q11: =K11+M11+O11 | R11: =L11+N11+P11 | S11: =R11-Q11
B12: ESPAÑA | C12: AGRONEW FITO, S.L. | D12: AGXK1000 | E12: AGROXILATO-K, 1000 L | F12: 2000 | G12: 0 | H12: =ABS(G12-F12) | I12: =IF(F12>0, G12/F12, IF(G12>0, 1.0, 0.0)) | K12: 0 | L12: 0 | M12: 2000 | N12: 2000 | O12: 0 | P12: 0 | Q12: =K12+M12+O12 | R12: =L12+N12+P12 | S12: =R12-Q12
B13: ESPAÑA | C13: AGRONEW FITO, S.L. | D13: AGZ-M0005 | E13: AGROXILATO-ZN-MN, 5 KG | F13: 300 | G13: 0 | H13: =ABS(G13-F13) | I13: =IF(F13>0, G13/F13, IF(G13>0, 1.0, 0.0)) | K13: 0 | L13: 0 | M13: 0 | N13: 0 | O13: 0 | P13: 0 | Q13: =K13+M13+O13 | R13: =L13+N13+P13 | S13: =R13-Q13
B14: ESPAÑA | C14: AGRONEW FITO, S.L. | D14: AGZNP0005 | E14: AGROXILATO-ZN PLUS, 5 KG | F14: 0 | G14: 100 | H14: =ABS(G14-F14) | I14: =IF(F14>0, G14/F14, IF(G14>0, 1.0, 0.0)) | J14: Pedido extra no previsto | K14: 0 | L14: 0 | M14: 0 | N14: 0 | O14: 0 | P14: 0 | Q14: =K14+M14+O14 | R14: =L14+N14+P14 | S14: =R14-Q14
B15: ESPAÑA | C15: AGRONEW FITO, S.L. | D15: AN0020 | E15: ALCAPLANT NEW, 20 KG | F15: 0 | G15: 0 | H15: =ABS(G15-F15) | I15: =IF(F15>0, G15/F15, IF(G15>0, 1.0, 0.0)) | K15: 0 | L15: 0 | M15: 600 | N15: 600 | O15: 0 | P15: 0 | Q15: =K15+M15+O15 | R15: =L15+N15+P15 | S15: =R15-Q15
B16: ESPAÑA | C16: AGRONEW FITO, S.L. | D16: ANAE0020 | E16: ALCAPLANT NEW AE, 20 KG | F16: 2200 | G16: 1100 | H16: =ABS(G16-F16) | I16: =IF(F16>0, G16/F16, IF(G16>0, 1.0, 0.0)) | K16: 1100 | L16: 1100 | M16: 0 | N16: 0 | O16: 0 | P16: 0 | Q16: =K16+M16+O16 | R16: =L16+N16+P16 | S16: =R16-Q16
B17: ESPAÑA | C17: AGRONEW FITO, S.L. | D17: PT0020 | E17: AGROPOTASION, 20 L | F17: 1920 | G17: 1280 | H17: =ABS(G17-F17) | I17: =IF(F17>0, G17/F17, IF(G17>0, 1.0, 0.0)) | K17: 0 | L17: 0 | M17: 1280 | N17: 1280 | O17: 0 | P17: 0 | Q17: =K17+M17+O17 | R17: =L17+N17+P17 | S17: =R17-Q17
B18: ESPAÑA | C18: AGRONEW FITO, S.L. | D18: S1000 | E18: SAL-WAX STAR, 1000 L | F18: 5000 | G18: 1000 | H18: =ABS(G18-F18) | I18: =IF(F18>0, G18/F18, IF(G18>0, 1.0, 0.0)) | K18: 5000 | L18: 5000 | M18: 5000 | N18: 5000 | O18: 0 | P18: 0 | Q18: =K18+M18+O18 | R18: =L18+N18+P18 | S18: =R18-Q18
B19: ESPAÑA | C19: AGROREBOLLO, S.L. | D19: AGZNP0005 | E19: AGROXILATO ZN PLUS, 5 KG | F19: 500 | G19: 0 | H19: =ABS(G19-F19) | I19: =IF(F19>0, G19/F19, IF(G19>0, 1.0, 0.0)) | K19: 0 | L19: 0 | M19: 0 | N19: 0 | O19: 750 | P19: 750 | Q19: =K19+M19+O19 | R19: =L19+N19+P19 | S19: =R19-Q19
B20: ESPAÑA | C20: AGROSER BERNARDINO, S.L. | D20: AN0020 | E20: ALCAPLANT NEW, 20 KG | F20: 1100 | G20: 1100 | H20: =ABS(G20-F20) | I20: =IF(F20>0, G20/F20, IF(G20>0, 1.0, 0.0)) | K20: 2200 | L20: 2200 | M20: 3300 | N20: 3300 | O20: 1100 | P20: 1100 | Q20: =K20+M20+O20 | R20: =L20+N20+P20 | S20: =R20-Q20
B21: ESPAÑA | C21: AGROSER BERNARDINO, S.L. | D21: BIO0020 | E21: BIORAD-20, 20 L | F21: 0 | G21: 0 | H21: =ABS(G21-F21) | I21: =IF(F21>0, G21/F21, IF(G21>0, 1.0, 0.0)) | K21: 1280 | L21: 1280 | M21: 640 | N21: 640 | O21: 640 | P21: 640 | Q21: =K21+M21+O21 | R21: =L21+N21+P21 | S21: =R21-Q21
B22: ESPAÑA | C22: AGROSER BERNARDINO, S.L. | D22: BIO1000 | E22: BIORAD-20, 1000 L | F22: 0 | G22: 0 | H22: =ABS(G22-F22) | I22: =IF(F22>0, G22/F22, IF(G22>0, 1.0, 0.0)) | K22: 2000 | L22: 2000 | M22: 2000 | N22: 2000 | O22: 0 | P22: 0 | Q22: =K22+M22+O22 | R22: =L22+N22+P22 | S22: =R22-Q22
B23: ESPAÑA | C23: AGROSER BERNARDINO, S.L. | D23: C-CU0005 | E23: CODICOBRE, 5 L | F23: 0 | G23: 0 | H23: =ABS(G23-F23) | I23: =IF(F23>0, G23/F23, IF(G23>0, 1.0, 0.0)) | K23: 600 | L23: 600 | M23: 0 | N23: 0 | O23: 0 | P23: 0 | Q23: =K23+M23+O23 | R23: =L23+N23+P23 | S23: =R23-Q23
B24: ESPAÑA | C24: AGROSER BERNARDINO, S.L. | D24: FROST-P0020 | E24: CODIFROST PLUS, 20 L | F24: 0 | G24: 0 | H24: =ABS(G24-F24) | I24: =IF(F24>0, G24/F24, IF(G24>0, 1.0, 0.0)) | K24: 0 | L24: 0 | M24: 200 | N24: 200 | O24: 200 | P24: 200 | Q24: =K24+M24+O24 | R24: =L24+N24+P24 | S24: =R24-Q24
B25: ESPAÑA | C25: AGROSER BERNARDINO, S.L. | D25: PT0020 | E25: AGROPOTASION, 20 L | F25: 0 | G25: 0 | H25: =ABS(G25-F25) | I25: =IF(F25>0, G25/F25, IF(G25>0, 1.0, 0.0)) | K25: 640 | L25: 640 | M25: 640 | N25: 640 | O25: 0 | P25: 0 | Q25: =K25+M25+O25 | R25: =L25+N25+P25 | S25: =R25-Q25
B26: ESPAÑA | C26: AGROTRAPICHE, S.L.U | D26: A-50(2)0020 | E26: CODIORGAN-A50, 20 KG | F26: 200 | G26: 0 | H26: =ABS(G26-F26) | I26: =IF(F26>0, G26/F26, IF(G26>0, 1.0, 0.0)) | K26: 0 | L26: 0 | M26: 0 | N26: 0 | O26: 0 | P26: 0 | Q26: =K26+M26+O26 | R26: =L26+N26+P26 | S26: =R26-Q26
... B47: EGIPTO | C47: DOTRA CHEMICALS | D47: SSEG0020 | E47: SAL-WAX Ca | F47: 0 | G47: 0 | H47: =ABS(G47-F47) | I47: =IF(F47>0, G47/F47, IF(G47>0, 1.0, 0.0)) | K47: 0 | L47: 0 | M47: 10000 | N47: 10000 | O47: 0 | P47: 0 | Q47: =K47+M47+O47 | R47: =L47+N47+P47 | S47: =R47-Q47
B48: ARABIA SAUDÍ | C48: DOTRA GULF TRADING COMPANY | D48: AQUOMAR0005 | E48: AQUOM ARABIA, 5 L | F48: 0 | G48: 400 | H48: =ABS(G48-F48) | I48: =IF(F48>0, G48/F48, IF(G48>0, 1.0, 0.0)) | J48: Pedido extra no previsto | K48: 0 | L48: 0 | M48: 0 | N48: 0 | O48: 0 | P48: 0 | Q48: =K48+M48+O48 | R48: =L48+N48+P48 | S48: =R48-Q48
B49: ESPAÑA | C49: DOTRA GULF TRADING COMPANY | D49: AVAN0001 | E49: FLORAMEC AVANCE, 1 L | F49: 0 | G49: 504 | H49: =ABS(G49-F49) | I49: =IF(F49>0, G49/F49, IF(G49>0, 1.0, 0.0)) | J49: Pedido extra no previsto | K49: 0 | L49: 0 | M49: 0 | N49: 0 | O49: 0 | P49: 0 | Q49: =K49+M49+O49 | R49: =L49+N49+P49 | S49: =R49-Q49
B50: ARABIA SAUDÍ | C50: DOTRA GULF TRADING COMPANY | D50: BIO0005 | E50: BIORAD-20, 5L | F50: 0 | G50: 800 | H50: =ABS(G50-F50) | I50: =IF(F50>0, G50/F50, IF(G50>0, 1.0, 0.0)) | J50: Pedido extra no previsto | K50: 0 | L50: 0 | M50: 0 | N50: 0 | O50: 0 | P50: 0 | Q50: =K50+M50+O50 | R50: =L50+N50+P50 | S50: =R50-Q50
B51: ARABIA SAUDÍ | C51: DOTRA GULF TRADING COMPANY | D51: SPAR0001 | E51: SPRINTENE ARABIA, 1 L | F51: 0 | G51: 1080 | H51: =ABS(G51-F51) | I51: =IF(F51>0, G51/F51, IF(G51>0, 1.0, 0.0)) | J51: Pedido extra no previsto | K51: 0 | L51: 0 | M51: 0 | N51: 0 | O51: 0 | P51: 0 | Q51: =K51+M51+O51 | R51: =L51+N51+P51 | S51: =R51-Q51
B52: ARABIA SAUDÍ | C52: DOTRA GULF TRADING COMPANY | D52: SSEG0005 | E52: SALWAX CALCIO EGIPTO, 5 KG | F52: 0 | G52: 17500 | H52: =ABS(G52-F52) | I52: =IF(F52>0, G52/F52, IF(G52>0, 1.0, 0.0)) | J52: Pedido extra no previsto | K52: 0 | L52: 0 | M52: 0 | N52: 0 | O52: 0 | P52: 0 | Q52: =K52+M52+O52 | R52: =L52+N52+P52 | S52: =R52-Q52
B53: ESPAÑA | C53: ECO-PONIENTE, S.L.U. | D53: AGXKAE0020 | E53: BIOCULTURE POTASIO, 20 L | F53: 0 | G53: 0 | H53: =ABS(G53-F53) | I53: =IF(F53>0, G53/F53, IF(G53>0, 1.0, 0.0)) | K53: 0 | L53: 0 | M53: 0 | N53: 0 | O53: 640 | P53: 640 | Q53: =K53+M53+O53 | R53: =L53+N53+P53 | S53: =R53-Q53
B54: ESPAÑA | C54: EL PINAR BERRIES, S.L. | D54: AN0005 | E54: ALCAPLANT NEW, 5 KG | F54: 0 | G54: 1100 | H54: =ABS(G54-F54) | I54: =IF(F54>0, G54/F54, IF(G54>0, 1.0, 0.0)) | J54: Pedido extra no previsto | K54: 0 | L54: 0 | M54: 0 | N54: 0 | O54: 0 | P54: 0 | Q54: =K54+M54+O54 | R54: =L54+N54+P54 | S54: =R54-Q54
B55: GRECIA | C55: EMPHYTON SERVICE P.C. | D55: GRE10001 | E55: TONAZ | F55: 0 | G55: 0 | H55: =ABS(G55-F55) | I55: =IF(F55>0, G55/F55, IF(G55>0, 1.0, 0.0)) | K55: 0 | L55: 0 | M55: 0 | N55: 0 | O55: 8000 | P55: 8000 | Q55: =K55+M55+O55 | R55: =L55+N55+P55 | S55: =R55-Q55
B56: GRECIA | C56: EMPHYTON SERVICE P.C. | D56: GRE10005 | E56: TONAZ | F56: 0 | G56: 0 | H56: =ABS(G56-F56) | I56: =IF(F56>0, G56/F56, IF(G56>0, 1.0, 0.0)) | K56: 0 | L56: 0 | M56: 0 | N56: 0 | O56: 4000 | P56: 4000 | Q56: =K56+M56+O56 | R56: =L56+N56+P56 | S56: =R56-Q56
B57: GRECIA | C57: EMPHYTON SERVICE P.C. | D57: VITA0001 | E57: VITA-S | F57: 0 | G57: 0 | H57: =ABS(G57-F57) | I57: =IF(F57>0, G57/F57, IF(G57>0, 1.0, 0.0)) | K57: 0 | L57: 0 | M57: 0 | N57: 0 | O57: 10000 | P57: 10000 | Q57: =K57+M57+O57 | R57: =L57+N57+P57 | S57: =R57-Q57
B58: GRECIA | C58: EMPHYTON SERVICE P.C. | D58: VITA0005 | E58: VITA-S | F58: 0 | G58: 0 | H58: =ABS(G58-F58) | I58: =IF(F58>0, G58/F58, IF(G58>0, 1.0, 0.0)) | K58: 0 | L58: 0 | M58: 0 | N58: 0 | O58: 10000 | P58: 10000 | Q58: =K58+M58+O58 | R58: =L58+N58+P58 | S58: =R58-Q58
B59: GRECIA | C59: GEORGIOS POULTSIDIS | D59: GRE20005 | E59: EGERSIS, 5 L | F59: 0 | G59: 0 | H59: =ABS(G59-F59) | I59: =IF(F59>0, G59/F59, IF(G59>0, 1.0, 0.0)) | K59: 0 | L59: 0 | M59: 0 | N59: 0 | O59: 2000 | P59: 2000 | Q59: =K59+M59+O59 | R59: =L59+N59+P59 | S59: =R59-Q59
B60: ESPAÑA | C60: HORTOFRUTICOLA COSTA DE ALMERÍA, S.L. | D60: AGXK0020 | E60: AGROXILATO-K, 20 L | F60: 0 | G60: 0 | H60: =ABS(G60-F60) | I60: =IF(F60>0, G60/F60, IF(G60>0, 1.0, 0.0)) | K60: 0 | L60: 0 | M60: 0 | N60: 0 | O60: 1280 | P60: 1280 | Q60: =K60+M60+O60 | R60: =L60+N60+P60 | S60: =R60-Q60
B61: ESPAÑA | C61: INIESTA DEL PINO DISTRIBUCIONES S.L.U | D61: A-50(2)0005 | E61: CODIORGAN-A50, 5 KG | F61: 0 | G61: 0 | H61: =ABS(G61-F61) | I61: =IF(F61>0, G61/F61, IF(G61>0, 1.0, 0.0)) | K61: 0 | L61: 0 | M61: 0 | N61: 0 | O61: 25 | P61: 25 | Q61: =K61+M61+O61 | R61: =L61+N61+P61 | S61: =R61-Q61
B62: ESPAÑA | C62: INIESTA DEL PINO DISTRIBUCIONES S.L.U | D62: AGXK0020 | E62: AGROXILATO-K, 20 L | F62: 640 | G62: 0 | H62: =ABS(G62-F62) | I62: =IF(F62>0, G62/F62, IF(G62>0, 1.0, 0.0)) | K62: 1920 | L62: 1920 | M62: 0 | N62: 0 | O62: 0 | P62: 0 | Q62: =K62+M62+O62 | R62: =L62+N62+P62 | S62: =R62-Q62
B63: ESPAÑA | C63: INIESTA DEL PINO DISTRIBUCIONES S.L.U | D63: CALCIO0005 | E63: CALCIAMEC, 5 KG | F63: 0 | G63: 0 | H63: =ABS(G63-F63) | I63: =IF(F63>0, G63/F63, IF(G63>0, 1.0, 0.0)) | K63: 75 | L63: 75 | M63: 0 | N63: 0 | O63: 0 | P63: 0 | Q63: =K63+M63+O63 | R63: =L63+N63+P63 | S63: =R63-Q63
B64: ESPAÑA | C64: INIESTA DEL PINO DISTRIBUCIONES S.L.U | D64: TRI0005 | E64: TRIFENO-94, 5L | F64: 60 | G64: 0 | H64: =ABS(G64-F64) | I64: =IF(F64>0, G64/F64, IF(G64>0, 1.0, 0.0)) | K64: 80 | L64: 80 | M64: 0 | N64: 0 | O64: 240 | P64: 240 | Q64: =K64+M64+O64 | R64: =L64+N64+P64 | S64: =R64-Q64
B65: ESPAÑA | C65: ROMAROC PONIENTE, S.L. | D65: AGXK0200 | E65: AGROXILATO-K, 200 L | F65: 0 | G65: 0 | H65: =ABS(G65-F65) | I65: =IF(F65>0, G65/F65, IF(G65>0, 1.0, 0.0)) | K65: 800 | L65: 800 | M65: 0 | N65: 0 | O65: 0 | P65: 0 | Q65: =K65+M65+O65 | R65: =L65+N65+P65 | S65: =R65-Q65
B66: RUMANÍA | C66: SC MARCOSER S.R.L. | D66: A-500001 | E66: CODIORGAN A-50 | F66: 0 | G66: 1056 | H66: =ABS(G66-F66) | I66: =IF(F66>0, G66/F66, IF(G66>0, 1.0, 0.0)) | J66: Pedido extra no previsto | K66: 1056 | L66: 1056 | M66: 0 | N66: 0 | O66: 0 | P66: 0 | Q66: =K66+M66+O66 | R66: =L66+N66+P66 | S66: =R66-Q66
B67: RUMANÍA | C67: SC MARCOSER S.R.L. | D67: AGMG0001 | E67: AGROXILATO Mg | F67: 0 | G67: 528 | H67: =ABS(G67-F67) | I67: =IF(F67>0, G67/F67, IF(G67>0, 1.0, 0.0)) | J67: Pedido extra no previsto | K67: 528 | L67: 528 | M67: 0 | N67: 0 | O67: 0 | P67: 0 | Q67: =K67+M67+O67 | R67: =L67+N67+P67 | S67: =R67-Q67
B68: RUMANÍA | C68: SC MARCOSER S.R.L. | D68: AGXCR0020 | E68: AGROXILATO-K | F68: 0 | G68: 0 | H68: =ABS(G68-F68) | I68: =IF(F68>0, G68/F68, IF(G68>0, 1.0, 0.0)) | K68: 0 | L68: 0 | M68: 640 | N68: 640 | O68: 0 | P68: 0 | Q68: =K68+M68+O68 | R68: =L68+N68+P68 | S68: =R68-Q68
B69: RUMANÍA | C69: SC MARCOSER S.R.L. | D69: AGXCR1000 | E69: AGROXILATO-K | F69: 0 | G69: 0 | H69: =ABS(G69-F69) | I69: =IF(F69>0, G69/F69, IF(G69>0, 1.0, 0.0)) | K69: 0 | L69: 0 | M69: 1000 | N69: 1000 | O69: 0 | P69: 0 | Q69: =K69+M69+O69 | R69: =L69+N69+P69 | S69: =R69-Q69
B70: RUMANÍA | C70: SC MARCOSER S.R.L. | D70: AGXKAE0001 | E70: BIOCULTURE POTASIO | F70: 0 | G70: 0 | H70: =ABS(G70-F70) | I70: =IF(F70>0, G70/F70, IF(G70>0, 1.0, 0.0)) | K70: 396 | L70: 396 | M70: 0 | N70: 0 | O70: 0 | P70: 0 | Q70: =K70+M70+O70 | R70: =L70+N70+P70 | S70: =R70-Q70
B71: ESPAÑA | C71: SC MARCOSER S.R.L. | D71: AGXKAEP0001 | E71: BIOCULTURE POTASIO PLUS, 1 L | F71: 0 | G71: 396 | H71: =ABS(G71-F71) | I71: =IF(F71>0, G71/F71, IF(G71>0, 1.0, 0.0)) | J71: Pedido extra no previsto | K71: 0 | L71: 0 | M71: 0 | N71: 0 | O71: 0 | P71: 0 | Q71: =K71+M71+O71 | R71: =L71+N71+P71 | S71: =R71-Q71
B72: RUMANÍA | C72: SC MARCOSER S.R.L. | D72: AN0020 | E72: ALCAPLANT NEW | F72: 0 | G72: 0 | H72: =ABS(G72-F72) | I72: =IF(F72>0, G72/F72, IF(G72>0, 1.0, 0.0)) | K72: 0 | L72: 0 | M72: 1100 | N72: 1100 | O72: 0 | P72: 0 | Q72: =K72+M72+O72 | R72: =L72+N72+P72 | S72: =R72-Q72
B73: RUMANÍA | C73: SC MARCOSER S.R.L. | D73: AVAN0001 | E73: FLORAMEC AVANCE | F73: 0 | G73: 0 | H73: =ABS(G73-F73) | I73: =IF(F73>0, G73/F73, IF(G73>0, 1.0, 0.0)) | K73: 0 | L73: 0 | M73: 300 | N73: 300 | O73: 0 | P73: 0 | Q73: =K73+M73+O73 | R73: =L73+N73+P73 | S73: =R73-Q73
B74: RUMANÍA | C74: SC MARCOSER S.R.L. | D74: AVAN0200 | E74: FLORAMEC AVANCE, 200 L | F74: 0 | G74: 0 | H74: =ABS(G74-F74) | I74: =IF(F74>0, G74/F74, IF(G74>0, 1.0, 0.0)) | K74: 0 | L74: 0 | M74: 400 | N74: 400 | O74: 0 | P74: 0 | Q74: =K74+M74+O74 | R74: =L74+N74+P74 | S74: =R74-Q74
B75: RUMANÍA | C75: SC MARCOSER S.R.L. | D75: B0001 | E75: BOROCAL | F75: 0 | G75: 0 | H75: =ABS(G75-F75) | I75: =IF(F75>0, G75/F75, IF(G75>0, 1.0, 0.0)) | K75: 0 | L75: 0 | M75: 660 | N75: 660 | O75: 0 | P75: 0 | Q75: =K75+M75+O75 | R75: =L75+N75+P75 | S75: =R75-Q75
B76: RUMANÍA | C76: SC MARCOSER S.R.L. | D76: B0020 | E76: BOROCAL | F76: 0 | G76: 0 | H76: =ABS(G76-F76) | I76: =IF(F76>0, G76/F76, IF(G76>0, 1.0, 0.0)) | K76: 0 | L76: 0 | M76: 640 | N76: 640 | O76: 0 | P76: 0 | Q76: =K76+M76+O76 | R76: =L76+N76+P76 | S76: =R76-Q76
B77: RUMANÍA | C77: SC MARCOSER S.R.L. | D77: B1000 | E77: BOROCAL, 1000 L | F77: 0 | G77: 0 | H77: =ABS(G77-F77) | I77: =IF(F77>0, G77/F77, IF(G77>0, 1.0, 0.0)) | K77: 0 | L77: 0 | M77: 1000 | N77: 1000 | O77: 0 | P77: 0 | Q77: =K77+M77+O77 | R77: =L77+N77+P77 | S77: =R77-Q77
B78: RUMANÍA | C78: SC MARCOSER S.R.L. | D78: BIO0001 | E78: BIORAD-20 | F78: 0 | G78: 792 | H78: =ABS(G78-F78) | I78: =IF(F78>0, G78/F78, IF(G78>0, 1.0, 0.0)) | J78: Pedido extra no previsto | K78: 792 | L78: 792 | M78: 0 | N78: 0 | O78: 0 | P78: 0 | Q78: =K78+M78+O78 | R78: =L78+N78+P78 | S78: =R78-Q78
B79: RUMANÍA | C79: SC MARCOSER S.R.L. | D79: BIO0005 | E79: BIORAD-20 | F79: 0 | G79: 600 | H79: =ABS(G79-F79) | I79: =IF(F79>0, G79/F79, IF(G79>0, 1.0, 0.0)) | J79: Pedido extra no previsto | K79: 600 | L79: 600 | M79: 0 | N79: 0 | O79: 0 | P79: 0 | Q79: =K79+M79+O79 | R79: =L79+N79+P79 | S79: =R79-Q79
B80: RUMANÍA | C80: SC MARCOSER S.R.L. | D80: BIO0020 | E80: BIORAD-20 | F80: 0 | G80: 640 | H80: =ABS(G80-F80) | I80: =IF(F80>0, G80/F80, IF(G80>0, 1.0, 0.0)) | J80: Pedido extra no previsto | K80: 640 | L80: 640 | M80: 0 | N80: 0 | O80: 0 | P80: 0 | Q80: =K80+M80+O80 | R80: =L80+N80+P80 | S80: =R80-Q80
B81: RUMANÍA | C81: SC MARCOSER S.R.L. | D81: C-CU0001 | E81: CODICOBRE | F81: 0 | G81: 0 | H81: =ABS(G81-F81) | I81: =IF(F81>0, G81/F81, IF(G81>0, 1.0, 0.0)) | K81: 0 | L81: 0 | M81: 660 | N81: 660 | O81: 0 | P81: 0 | Q81: =K81+M81+O81 | R81: =L81+N81+P81 | S81: =R81-Q81
B82: RUMANÍA | C82: SC MARCOSER S.R.L. | D82: C-CU0020 | E82: CODICOBRE | F82: 0 | G82: 0 | H82: =ABS(G82-F82) | I82: =IF(F82>0, G82/F82, IF(G82>0, 1.0, 0.0)) | K82: 0 | L82: 0 | M82: 320 | N82: 320 | O82: 0 | P82: 0 | Q82: =K82+M82+O82 | R82: =L82+N82+P82 | S82: =R82-Q82
B83: RUMANÍA | C83: SC MARCOSER S.R.L. | D83: C-L0001 | E83: CODIBOR-L | F83: 0 | G83: 792 | H83: =ABS(G83-F83) | I83: =IF(F83>0, G83/F83, IF(G83>0, 1.0, 0.0)) | J83: Pedido extra no previsto | K83: 792 | L83: 792 | M83: 0 | N83: 0 | O83: 0 | P83: 0 | Q83: =K83+M83+O83 | R83: =L83+N83+P83 | S83: =R83-Q83
B84: RUMANÍA | C84: SC MARCOSER S.R.L. | D84: FLOR0001 | E84: FLORAMEC | F84: 0 | G84: 0 | H84: =ABS(G84-F84) | I84: =IF(F84>0, G84/F84, IF(G84>0, 1.0, 0.0)) | K84: 0 | L84: 0 | M84: 300 | N84: 300 | O84: 0 | P84: 0 | Q84: =K84+M84+O84 | R84: =L84+N84+P84 | S84: =R84-Q84
B85: RUMANÍA | C85: SC MARCOSER S.R.L. | D85: G0001 | E85: GREEN-UP | F85: 0 | G85: 0 | H85: =ABS(G85-F85) | I85: =IF(F85>0, G85/F85, IF(G85>0, 1.0, 0.0)) | K85: 0 | L85: 0 | M85: 660 | N85: 660 | O85: 0 | P85: 0 | Q85: =K85+M85+O85 | R85: =L85+N85+P85 | S85: =R85-Q85
B86: RUMANÍA | C86: SC MARCOSER S.R.L. | D86: G0200 | E86: GREEN-UP EXPORTACION, 200 L | F86: 0 | G86: 0 | H86: =ABS(G86-F86) | I86: =IF(F86>0, G86/F86, IF(G86>0, 1.0, 0.0)) | K86: 0 | L86: 0 | M86: 400 | N86: 400 | O86: 0 | P86: 0 | Q86: =K86+M86+O86 | R86: =L86+N86+P86 | S86: =R86-Q86
B87: ESPAÑA | C87: SC MARCOSER S.R.L. | D87: P-5X0020RU | E87: P.M.S. 5x, 20 L | F87: 0 | G87: 640 | H87: =ABS(G87-F87) | I87: =IF(F87>0, G87/F87, IF(G87>0, 1.0, 0.0)) | J87: Pedido extra no previsto | K87: 0 | L87: 0 | M87: 0 | N87: 0 | O87: 0 | P87: 0 | Q87: =K87+M87+O87 | R87: =L87+N87+P87 | S87: =R87-Q87
B88: RUMANÍA | C88: SC MARCOSER S.R.L. | D88: PK500001 | E88: POLIFRUIT K50 | F88: 0 | G88: 0 | H88: =ABS(G88-F88) | I88: =IF(F88>0, G88/F88, IF(G88>0, 1.0, 0.0)) | K88: 0 | L88: 0 | M88: 300 | N88: 300 | O88: 0 | P88: 0 | Q88: =K88+M88+O88 | R88: =L88+N88+P88 | S88: =R88-Q88
B89: RUMANÍA | C89: SC MARCOSER S.R.L. | D89: PK500020 | E89: POLIFRUIT K50 | F89: 0 | G89: 0 | H89: =ABS(G89-F89) | I89: =IF(F89>0, G89/F89, IF(G89>0, 1.0, 0.0)) | K89: 0 | L89: 0 | M89: 640 | N89: 640 | O89: 0 | P89: 0 | Q89: =K89+M89+O89 | R89: =L89+N89+P89 | S89: =R89-Q89
B90: RUMANÍA | C90: SC MARCOSER S.R.L. | D90: PML0001 | E90: POLIGREEN MIX L | F90: 0 | G90: 0 | H90: =ABS(G90-F90) | I90: =IF(F90>0, G90/F90, IF(G90>0, 1.0, 0.0)) | K90: 0 | L90: 0 | M90: 660 | N90: 660 | O90: 0 | P90: 0 | Q90: =K90+M90+O90 | R90: =L90+N90+P90 | S90: =R90-Q90
B91: RUMANÍA | C91: SC MARCOSER S.R.L. | D91: PT0001 | E91: AGROPOTASION | F91: 0 | G91: 0 | H91: =ABS(G91-F91) | I91: =IF(F91>0, G91/F91, IF(G91>0, 1.0, 0.0)) | K91: 0 | L91: 0 | M91: 600 | N91: 600 | O91: 0 | P91: 0 | Q91: =K91+M91+O91 | R91: =L91+N91+P91 | S91: =R91-Q91
B92: RUMANÍA | C92: SC MARCOSER S.R.L. | D92: PT0020 | E92: AGROPOTASION | F92: 0 | G92: 0 | H92: =ABS(G92-F92) | I92: =IF(F92>0, G92/F92, IF(G92>0, 1.0, 0.0)) | K92: 0 | L92: 0 | M92: 600 | N92: 600 | O92: 0 | P92: 0 | Q92: =K92+M92+O92 | R92: =L92+N92+P92 | S92: =R92-Q92
B93: RUMANÍA | C93: SC MARCOSER S.R.L. | D93: SPCE0001 | E93: SPRINTENE | F93: 0 | G93: 792 | H93: =ABS(G93-F93) | I93: =IF(F93>0, G93/F93, IF(G93>0, 1.0, 0.0)) | J93: Pedido extra no previsto | K93: 792 | L93: 792 | M93: 0 | N93: 0 | O93: 0 | P93: 0 | Q93: =K93+M93+O93 | R93: =L93+N93+P93 | S93: =R93-Q93
B94: RUMANÍA | C94: SC MARCOSER S.R.L. | D94: SPCE0020 | E94: SPRINTENE | F94: 0 | G94: 640 | H94: =ABS(G94-F94) | I94: =IF(F94>0, G94/F94, IF(G94>0, 1.0, 0.0)) | J94: Pedido extra no previsto | K94: 640 | L94: 640 | M94: 0 | N94: 0 | O94: 0 | P94: 0 | Q94: =K94+M94+O94 | R94: =L94+N94+P94 | S94: =R94-Q94
B95: RUMANÍA | C95: SC MARCOSER S.R.L. | D95: SS0001 | E95: SAL-WAX Ca | F95: 0 | G95: 1056 | H95: =ABS(G95-F95) | I95: =IF(F95>0, G95/F95, IF(G95>0, 1.0, 0.0)) | J95: Pedido extra no previsto | K95: 1056 | L95: 1056 | M95: 0 | N95: 0 | O95: 0 | P95: 0 | Q95: =K95+M95+O95 | R95: =L95+N95+P95 | S95: =R95-Q95
B96: RUMANÍA | C96: SC MARCOSER S.R.L. | D96: SS0020 | E96: SAL-WAX-Ca | F96: 0 | G96: 0 | H96: =ABS(G96-F96) | I96: =IF(F96>0, G96/F96, IF(G96>0, 1.0, 0.0)) | K96: 0 | L96: 0 | M96: 600 | N96: 600 | O96: 0 | P96: 0 | Q96: =K96+M96+O96 | R96: =L96+N96+P96 | S96: =R96-Q96
B97: ESPAÑA | C97: SERVIAGRI´ 97, S.L. | D97: AGXK0005 | E97: AGROXILATO-K, 5 L | F97: 200 | G97: 0 | H97: =ABS(G97-F97) | I97: =IF(F97>0, G97/F97, IF(G97>0, 1.0, 0.0)) | K97: 200 | L97: 200 | M97: 200 | N97: 200 | O97: 0 | P97: 0 | Q97: =K97+M97+O97 | R97: =L97+N97+P97 | S97: =R97-Q97
B98: ESPAÑA | C98: SERVIAGRI´ 97, S.L. | D98: AGXK0020 | E98: AGROXILATO-K, 20 L | F98: 0 | G98: 120 | H98: =ABS(G98-F98) | I98: =IF(F98>0, G98/F98, IF(G98>0, 1.0, 0.0)) | J98: Pedido extra no previsto | K98: 640 | L98: 640 | M98: 640 | N98: 640 | O98: 640 | P98: 640 | Q98: =K98+M98+O98 | R98: =L98+N98+P98 | S98: =R98-Q98
B99: ESPAÑA | C99: SERVIAGRI´ 97, S.L. | D99: ANAE0005 | E99: ALCAPLANT NEW AE, 5 KG | F99: 0 | G99: 0 | H99: =ABS(G99-F99) | I99: =IF(F99>0, G99/F99, IF(G99>0, 1.0, 0.0)) | K99: 0 | L99: 0 | M99: 50 | N99: 50 | O99: 0 | P99: 0 | Q99: =K99+M99+O99 | R99: =L99+N99+P99 | S99: =R99-Q99
B100: ESPAÑA | C100: SERVIAGRI´ 97, S.L. | D100: AVAN0005 | E100: FLORAMEC AVANCE, 5 L | F100: 100 | G100: 120 | H100: =ABS(G100-F100) | I100: =IF(F100>0, G100/F100, IF(G100>0, 1.0, 0.0)) | K100: 100 | L100: 100 | M100: 100 | N100: 100 | O100: 0 | P100: 0 | Q100: =K100+M100+O100 | R100: =L100+N100+P100 | S100: =R100-Q100
B101: ESPAÑA | C101: SERVIAGRI´ 97, S.L. | D101: B0001 | E101: BOROCAL,1 L | F101: 12 | G101: 12 | H101: =ABS(G101-F101) | I101: =IF(F101>0, G101/F101, IF(G101>0, 1.0, 0.0)) | K101: 0 | L101: 0 | M101: 12 | N101: 12 | O101: 12 | P101: 12 | Q101: =K101+M101+O101 | R101: =L101+N101+P101 | S101: =R101-Q101
B102: ESPAÑA | C102: SERVIAGRI´ 97, S.L. | D102: B0005 | E102: BOROCAL, 5 L | F102: 0 | G102: 0 | H102: =ABS(G102-F102) | I102: =IF(F102>0, G102/F102, IF(G102>0, 1.0, 0.0)) | K102: 0 | L102: 0 | M102: 20 | N102: 20 | O102: 0 | P102: 0 | Q102: =K102+M102+O102 | R102: =L102+N102+P102 | S102: =R102-Q102
B103: ESPAÑA | C103: SERVIAGRI´ 97, S.L. | D103: BIO0005 | E103: BIORAD-20, 5L | F103: 300 | G103: 0 | H103: =ABS(G103-F103) | I103: =IF(F103>0, G103/F103, IF(G103>0, 1.0, 0.0)) | K103: 300 | L103: 300 | M103: 300 | N103: 300 | O103: 0 | P103: 0 | Q103: =K103+M103+O103 | R103: =L103+N103+P103 | S103: =R103-Q103
B104: ESPAÑA | C104: SERVIAGRI´ 97, S.L. | D104: BIO0020 | E104: BIORAD-20, 20 L | F104: 0 | G104: 0 | H104: =ABS(G104-F104) | I104: =IF(F104>0, G104/F104, IF(G104>0, 1.0, 0.0)) | K104: 600 | L104: 600 | M104: 0 | N104: 0 | O104: 600 | P104: 600 | Q104: =K104+M104+O104 | R104: =L104+N104+P104 | S104: =R104-Q104
B105: ESPAÑA | C105: SERVIAGRI´ 97, S.L. | D105: BROTA0001 | E105: BROTAMEC, 1 L | F105: 0 | G105: 24 | H105: =ABS(G105-F105) | I105: =IF(F105>0, G105/F105, IF(G105>0, 1.0, 0.0)) | J105: Pedido extra no previsto | K105: 0 | L105: 0 | M105: 0 | N105: 0 | O105: 0 | P105: 0 | Q105: =K105+M105+O105 | R105: =L105+N105+P105 | S105: =R105-Q105
B106: ESPAÑA | C106: SERVIAGRI´ 97, S.L. | D106: BROTA0005 | E106: BROTAMEC, 5 L | F106: 0 | G106: 100 | H106: =ABS(G106-F106) | I106: =IF(F106>0, G106/F106, IF(G106>0, 1.0, 0.0)) | J106: Pedido extra no previsto | K106: 0 | L106: 0 | M106: 300 | N106: 300 | O106: 0 | P106: 0 | Q106: =K106+M106+O106 | R106: =L106+N106+P106 | S106: =R106-Q106
B107: ESPAÑA | C107: SERVIAGRI´ 97, S.L. | D107: FTK0005 | E107: FITOKONTROL CA FLOW, 5 KG | F107: 300 | G107: 160 | H107: =ABS(G107-F107) | I107: =IF(F107>0, G107/F107, IF(G107>0, 1.0, 0.0)) | K107: 300 | L107: 300 | M107: 300 | N107: 300 | O107: 300 | P107: 300 | Q107: =K107+M107+O107 | R107: =L107+N107+P107 | S107: =R107-Q107
B108: ESPAÑA | C108: SERVIAGRI´ 97, S.L. | D108: JF0005 | E108: CODIGIN-FOS, 5 L | F108: 100 | G108: 120 | H108: =ABS(G108-F108) | I108: =IF(F108>0, G108/F108, IF(G108>0, 1.0, 0.0)) | K108: 100 | L108: 100 | M108: 0 | N108: 0 | O108: 0 | P108: 0 | Q108: =K108+M108+O108 | R108: =L108+N108+P108 | S108: =R108-Q108
B109: ESPAÑA | C109: SERVIAGRI´ 97, S.L. | D109: PREZN0005 | E109: PREZINC, 5 kg | F109: 0 | G109: 0 | H109: =ABS(G109-F109) | I109: =IF(F109>0, G109/F109, IF(G109>0, 1.0, 0.0)) | K109: 0 | L109: 0 | M109: 0 | N109: 0 | O109: 3000 | P109: 3000 | Q109: =K109+M109+O109 | R109: =L109+N109+P109 | S109: =R109-Q109
B110: ESPAÑA | C110: SERVIAGRI´ 97, S.L. | D110: SSAE0005 | E110: MAGNIFIC-VIETS-AE, 5 KG | F110: 0 | G110: 60 | H110: =ABS(G110-F110) | I110: =IF(F110>0, G110/F110, IF(G110>0, 1.0, 0.0)) | J110: Pedido extra no previsto | K110: 200 | L110: 200 | M110: 0 | N110: 0 | O110: 0 | P110: 0 | Q110: =K110+M110+O110 | R110: =L110+N110+P110 | S110: =R110-Q110
B111: MARRUECOS | C111: STE BBMAGRI, SARL | D111: A-50(2)0020 | E111: CODIORGAN A-50 | F111: 0 | G111: 0 | H111: =ABS(G111-F111) | I111: =IF(F111>0, G111/F111, IF(G111>0, 1.0, 0.0)) | K111: 2000 | L111: 2000 | M111: 0 | N111: 0 | O111: 1000 | P111: 1000 | Q111: =K111+M111+O111 | R111: =L111+N111+P111 | S111: =R111-Q111
B112: MARRUECOS | C112: STE BBMAGRI, SARL | D112: AGN0005 | E112: AGROXILATO-N, 5 L | F112: 0 | G112: 0 | H112: =ABS(G112-F112) | I112: =IF(F112>0, G112/F112, IF(G112>0, 1.0, 0.0)) | K112: 600 | L112: 600 | M112: 0 | N112: 0 | O112: 0 | P112: 0 | Q112: =K112+M112+O112 | R112: =L112+N112+P112 | S112: =R112-Q112
B113: MARRUECOS | C113: STE BBMAGRI, SARL | D113: AGXK0020 | E113: AGROXILATO-K | F113: 0 | G113: 0 | H113: =ABS(G113-F113) | I113: =IF(F113>0, G113/F113, IF(G113>0, 1.0, 0.0)) | K113: 5000 | L113: 5000 | M113: 0 | N113: 0 | O113: 5000 | P113: 5000 | Q113: =K113+M113+O113 | R113: =L113+N113+P113 | S113: =R113-Q113
B114: MARRUECOS | C114: STE BBMAGRI, SARL | D114: AGXK0200 | E114: AGROXILATO-K | F114: 0 | G114: 0 | H114: =ABS(G114-F114) | I114: =IF(F114>0, G114/F114, IF(G114>0, 1.0, 0.0)) | K114: 5000 | L114: 5000 | M114: 0 | N114: 0 | O114: 5000 | P114: 5000 | Q114: =K114+M114+O114 | R114: =L114+N114+P114 | S114: =R114-Q114
B115: MARRUECOS | C115: STE BBMAGRI, SARL | D115: AN0005 | E115: ALCAPLANT NEW | F115: 0 | G115: 0 | H115: =ABS(G115-F115) | I115: =IF(F115>0, G115/F115, IF(G115>0, 1.0, 0.0)) | K115: 3000 | L115: 3000 | M115: 0 | N115: 0 | O115: 0 | P115: 0 | Q115: =K115+M115+O115 | R115: =L115+N115+P115 | S115: =R115-Q115
B116: MARRUECOS | C116: STE BBMAGRI, SARL | D116: BIO0020 | E116: RADISOL-20 | F116: 0 | G116: 0 | H116: =ABS(G116-F116) | I116: =IF(F116>0, G116/F116, IF(G116>0, 1.0, 0.0)) | K116: 5000 | L116: 5000 | M116: 0 | N116: 0 | O116: 5000 | P116: 5000 | Q116: =K116+M116+O116 | R116: =L116+N116+P116 | S116: =R116-Q116
B117: MARRUECOS | C117: STE BBMAGRI, SARL | D117: CALCIO0005 | E117: CALCIAMEC, 5 KG | F117: 0 | G117: 0 | H117: =ABS(G117-F117) | I117: =IF(F117>0, G117/F117, IF(G117>0, 1.0, 0.0)) | K117: 0 | L117: 0 | M117: 0 | N117: 0 | O117: 1000 | P117: 1000 | Q117: =K117+M117+O117 | R117: =L117+N117+P117 | S117: =R117-Q117
B118: MARRUECOS | C118: STE BBMAGRI, SARL | D118: F-MIX0020 | E118: FITOLIN-MIX, 20 L | F118: 0 | G118: 0 | H118: =ABS(G118-F118) | I118: =IF(F118>0, G118/F118, IF(G118>0, 1.0, 0.0)) | K118: 0 | L118: 0 | M118: 1000 | N118: 1000 | O118: 0 | P118: 0 | Q118: =K118+M118+O118 | R118: =L118+N118+P118 | S118: =R118-Q118
B119: MARRUECOS | C119: STE BBMAGRI, SARL | D119: FTK0005 | E119: FITOKONTROL CA FLOW | F119: 0 | G119: 0 | H119: =ABS(G119-F119) | I119: =IF(F119>0, G119/F119, IF(G119>0, 1.0, 0.0)) | K119: 0 | L119: 0 | M119: 0 | N119: 0 | O119: 2000 | P119: 2000 | Q119: =K119+M119+O119 | R119: =L119+N119+P119 | S119: =R119-Q119
B120: MARRUECOS | C120: STE BBMAGRI, SARL | D120: JF0005 | E120: CODIGIN-FOS | F120: 0 | G120: 0 | H120: =ABS(G120-F120) | I120: =IF(F120>0, G120/F120, IF(G120>0, 1.0, 0.0)) | K120: 0 | L120: 0 | M120: 0 | N120: 0 | O120: 1000 | P120: 1000 | Q120: =K120+M120+O120 | R120: =L120+N120+P120 | S120: =R120-Q120
B121: MARRUECOS | C121: STE BBMAGRI, SARL | D121: PHD0005 | E121: PH-DOWNER, 5 L | F121: 0 | G121: 0 | H121: =ABS(G121-F121) | I121: =IF(F121>0, G121/F121, IF(G121>0, 1.0, 0.0)) | K121: 1600 | L121: 1600 | M121: 0 | N121: 0 | O121: 0 | P121: 0 | Q121: =K121+M121+O121 | R121: =L121+N121+P121 | S121: =R121-Q121
B122: MARRUECOS | C122: STE BBMAGRI, SARL | D122: PHD0020 | E122: PH-DOWNER | F122: 0 | G122: 0 | H122: =ABS(G122-F122) | I122: =IF(F122>0, G122/F122, IF(G122>0, 1.0, 0.0)) | K122: 600 | L122: 600 | M122: 0 | N122: 0 | O122: 0 | P122: 0 | Q122: =K122+M122+O122 | R122: =L122+N122+P122 | S122: =R122-Q122
...

Sheet Irene
B2: CODIAGRO · ACTUALIZACIÓN DE PREVISIONES COMERCIALES Q4 2026 (OCTUBRE - DICIEMBRE)
B3: DELEGADO COMERCIAL: IRENE | Cierre Septiembre Oficial (01/10/2026) vs Previsiones a Final de Año | Generado: 01/10/2026 14:17
B4: 📌 INSTRUCCIONES: 1) Revise el bloque de SEPTIEMBRE (Previsto, Real, Desviación en Valor Absoluto y % Consecución) e indique en col. J el motivo de la desviación (adelanto, atraso, extra). 2) En las columnas verdes (L, N, P), revise y actualice las cantidades estimadas de Octubre, Noviembre y Diciembre si prevé cambios. 3) Comente en col. T cualquier nota de campaña.
B5: PREVISTO SEP 2026 (U) | E5: REAL PEDIDOS SEP 2026 (U) | H5: % CONSECUCIÓN SEP | K5: PREVISIÓN INICIAL Q4 (U) | N5: PREVISIÓN REVISADA Q4 (U) | Q5: VARIACIÓN NETA Q4 (U)
B6: =F74 | E6: =G74 | H6: =I74 | K6: =Q74 | N6: =R74 | Q6: =S74
B8: DATOS CLIENTE Y ARTÍCULO | F8: CIERRE SEPTIEMBRE 2026 (CALIBRACIÓN Y ANÁLISIS) | K8: REVISIÓN PREVISIONES MES A MES (HASTA FINAL DE AÑO 2026) | Q8: IMPACTO Q4 Y JUSTIFICACIÓN
B9: País | C9: Cliente | D9: Cód. SKU | E9: Descripción Artículo | F9: Sep Previsto (u) | G9: Sep Real (u) | H9: Desv. Sep (u) | I9: % Consec. | J9: Comentario Sep (¿Adelanto/Atraso/Extra?) | K9: Oct Anterior (u) | L9: Oct Revisado (u) | M9: Nov Anterior (u) | N9: Nov Revisado (u) | O9: Dic Anterior (u) | P9: Dic Revisado (u) | Q9: Total Q4 Ant (u) | R9: Total Q4 Rev (u) | S9: Dif Q4 (u) | T9: Comentarios / Justificación Q4
B10: ESPAÑA | C10: CAMPOEJIDO S.C.A. | D10: A-50(2)0005 | E10: CODIORGAN-A50, 5 KG | F10: 200 | G10: 100 | H10: =ABS(G10-F10) | I10: =IF(F10>0, G10/F10, IF(G10>0, 1.0, 0.0)) | K10: 0 | L10: 0 | M10: 0 | N10: 0 | O10: 200 | P10: 200 | Q10: =K10+M10+O10 | R10: =L10+N10+P10 | S10: =R10-Q10
B11: ESPAÑA | C11: CAMPOEJIDO S.C.A. | D11: AGN0005 | E11: AGROXILATO N, 5 L | F11: 0 | G11: 20 | H11: =ABS(G11-F11) | I11: =IF(F11>0, G11/F11, IF(G11>0, 1.0, 0.0)) | J11: Pedido extra no previsto | K11: 0 | L11: 0 | M11: 0 | N11: 0 | O11: 0 | P11: 0 | Q11: =K11+M11+O11 | R11: =L11+N11+P11 | S11: =R11-Q11
B12: ESPAÑA | C12: CAMPOEJIDO S.C.A. | D12: AGXK0020 | E12: AGROXILATO-K, 20 L | F12: 1920 | G12: 640 | H12: =ABS(G12-F12) | I12: =IF(F12>0, G12/F12, IF(G12>0, 1.0, 0.0)) | K12: 5060 | L12: 5060 | M12: 1920 | N12: 1920 | O12: 3200 | P12: 3200 | Q12: =K12+M12+O12 | R12: =L12+N12+P12 | S12: =R12-Q12
B13: ESPAÑA | C13: CAMPOEJIDO S.C.A. | D13: AVAN0005 | E13: FLORAMEC AVANCE, 5 L | F13: 300 | G13: 0 | H13: =ABS(G13-F13) | I13: =IF(F13>0, G13/F13, IF(G13>0, 1.0, 0.0)) | K13: 300 | L13: 300 | M13: 0 | N13: 0 | O13: 300 | P13: 300 | Q13: =K13+M13+O13 | R13: =L13+N13+P13 | S13: =R13-Q13
B14: ESPAÑA | C14: CAMPOEJIDO S.C.A. | D14: AVAN0020 | E14: FLORAMEC AVANCE, 20 L | F14: 960 | G14: 2560 | H14: =ABS(G14-F14) | I14: =IF(F14>0, G14/F14, IF(G14>0, 1.0, 0.0)) | K14: 640 | L14: 640 | M14: 960 | N14: 960 | O14: 1280 | P14: 1280 | Q14: =K14+M14+O14 | R14: =L14+N14+P14 | S14: =R14-Q14
B15: ESPAÑA | C15: CAMPOEJIDO S.C.A. | D15: B0001 | E15: BOROCAL,1 L | F15: 0 | G15: 0 | H15: =ABS(G15-F15) | I15: =IF(F15>0, G15/F15, IF(G15>0, 1.0, 0.0)) | K15: 0 | L15: 0 | M15: 0 | N15: 0 | O15: 36 | P15: 36 | Q15: =K15+M15+O15 | R15: =L15+N15+P15 | S15: =R15-Q15
B16: ESPAÑA | C16: CAMPOEJIDO S.C.A. | D16: B0005 | E16: BOROCAL, 5 L | F16: 0 | G16: 0 | H16: =ABS(G16-F16) | I16: =IF(F16>0, G16/F16, IF(G16>0, 1.0, 0.0)) | K16: 100 | L16: 100 | M16: 0 | N16: 0 | O16: 100 | P16: 100 | Q16: =K16+M16+O16 | R16: =L16+N16+P16 | S16: =R16-Q16
B17: ESPAÑA | C17: CAMPOEJIDO S.C.A. | D17: BIO0020 | E17: BIORAD-20, 20 L | F17: 640 | G17: 640 | H17: =ABS(G17-F17) | I17: =IF(F17>0, G17/F17, IF(G17>0, 1.0, 0.0)) | K17: 640 | L17: 640 | M17: 640 | N17: 640 | O17: 640 | P17: 640 | Q17: =K17+M17+O17 | R17: =L17+N17+P17 | S17: =R17-Q17
B18: ESPAÑA | C18: CAMPOEJIDO S.C.A. | D18: BROTA0005 | E18: BROTAMEC, 5 L | F18: 0 | G18: 0 | H18: =ABS(G18-F18) | I18: =IF(F18>0, G18/F18, IF(G18>0, 1.0, 0.0)) | K18: 200 | L18: 200 | M18: 100 | N18: 100 | O18: 100 | P18: 100 | Q18: =K18+M18+O18 | R18: =L18+N18+P18 | S18: =R18-Q18
B19: ESPAÑA | C19: CAMPOEJIDO S.C.A. | D19: C-CUAE0005 | E19: CUPRAMEC, 5 L | F19: 0 | G19: 0 | H19: =ABS(G19-F19) | I19: =IF(F19>0, G19/F19, IF(G19>0, 1.0, 0.0)) | K19: 0 | L19: 0 | M19: 600 | N19: 600 | O19: 300 | P19: 300 | Q19: =K19+M19+O19 | R19: =L19+N19+P19 | S19: =R19-Q19
B20: ESPAÑA | C20: CAMPOEJIDO S.C.A. | D20: C-GLB0001 | E20: CODIORGAN GLB, 1 KG | F20: 60 | G20: 0 | H20: =ABS(G20-F20) | I20: =IF(F20>0, G20/F20, IF(G20>0, 1.0, 0.0)) | K20: 120 | L20: 120 | M20: 108 | N20: 108 | O20: 108 | P20: 108 | Q20: =K20+M20+O20 | R20: =L20+N20+P20 | S20: =R20-Q20
B21: ESPAÑA | C21: CAMPOEJIDO S.C.A. | D21: C-L0005 | E21: CODIBOR-L, 5 L | F21: 300 | G21: 0 | H21: =ABS(G21-F21) | I21: =IF(F21>0, G21/F21, IF(G21>0, 1.0, 0.0)) | K21: 0 | L21: 0 | M21: 400 | N21: 400 | O21: 300 | P21: 300 | Q21: =K21+M21+O21 | R21: =L21+N21+P21 | S21: =R21-Q21
B22: ESPAÑA | C22: CAMPOEJIDO S.C.A. | D22: C-MB0001 | E22: CODIFOL-MB, 1 L | F22: 48 | G22: 36 | H22: =ABS(G22-F22) | I22: =IF(F22>0, G22/F22, IF(G22>0, 1.0, 0.0)) | K22: 0 | L22: 0 | M22: 0 | N22: 0 | O22: 0 | P22: 0 | Q22: =K22+M22+O22 | R22: =L22+N22+P22 | S22: =R22-Q22
B23: ESPAÑA | C23: CAMPOEJIDO S.C.A. | D23: C-MB0005 | E23: CODIFOL-MB, 5 L | F23: 400 | G23: 1300 | H23: =ABS(G23-F23) | I23: =IF(F23>0, G23/F23, IF(G23>0, 1.0, 0.0)) | K23: 120 | L23: 120 | M23: 200 | N23: 200 | O23: 300 | P23: 300 | Q23: =K23+M23+O23 | R23: =L23+N23+P23 | S23: =R23-Q23
... B27: ESPAÑA | C27: CAMPOEJIDO S.C.A. | D27: HST0005 | E27: HIDROSTRESS, 5 L | F27: 0 | G27: 0 | H27: =ABS(G27-F27) | I27: =IF(F27>0, G27/F27, IF(G27>0, 1.0, 0.0)) | K27: 0 | L27: 0 | M27: 0 | N27: 0 | O27: 100 | P27: 100 | Q27: =K27+M27+O27 | R27: =L27+N27+P27 | S27: =R27-Q27
B28: ESPAÑA | C28: CAMPOEJIDO S.C.A. | D28: PHD0001 | E28: PH-DOWNER, 1 L | F28: 0 | G28: 48 | H28: =ABS(G28-F28) | I28: =IF(F28>0, G28/F28, IF(G28>0, 1.0, 0.0)) | J28: Pedido extra no previsto | K28: 0 | L28: 0 | M28: 0 | N28: 0 | O28: 0 | P28: 0 | Q28: =K28+M28+O28 | R28: =L28+N28+P28 | S28: =R28-Q28
B29: ESPAÑA | C29: CAMPOEJIDO S.C.A. | D29: PHD0005 | E29: PH-DOWNER, 5 L | F29: 100 | G29: 300 | H29: =ABS(G29-F29) | I29: =IF(F29>0, G29/F29, IF(G29>0, 1.0, 0.0)) | K29: 0 | L29: 0 | M29: 100 | N29: 100 | O29: 0 | P29: 0 | Q29: =K29+M29+O29 | R29: =L29+N29+P29 | S29: =R29-Q29
B30: ESPAÑA | C30: CAMPOEJIDO S.C.A. | D30: PIV0020 | E30: PGR IV, 20 L | F30: 3200 | G30: 640 | H30: =ABS(G30-F30) | I30: =IF(F30>0, G30/F30, IF(G30>0, 1.0, 0.0)) | K30: 1280 | L30: 1280 | M30: 1920 | N30: 1920 | O30: 640 | P30: 640 | Q30: =K30+M30+O30 | R30: =L30+N30+P30 | S30: =R30-Q30
B31: ESPAÑA | C31: CAMPOEJIDO S.C.A. | D31: PT0005 | E31: AGROPOTASION, 5 L | F31: 0 | G31: 0 | H31: =ABS(G31-F31) | I31: =IF(F31>0, G31/F31, IF(G31>0, 1.0, 0.0)) | K31: 100 | L31: 100 | M31: 0 | N31: 0 | O31: 100 | P31: 100 | Q31: =K31+M31+O31 | R31: =L31+N31+P31 | S31: =R31-Q31
B32: ESPAÑA | C32: CAMPOEJIDO S.C.A. | D32: S0020 | E32: SAL-WAX STAR, 20 L | F32: 640 | G32: 0 | H32: =ABS(G32-F32) | I32: =IF(F32>0, G32/F32, IF(G32>0, 1.0, 0.0)) | K32: 0 | L32: 0 | M32: 0 | N32: 0 | O32: 0 | P32: 0 | Q32: =K32+M32+O32 | R32: =L32+N32+P32 | S32: =R32-Q32
B33: ESPAÑA | C33: CAMPOEJIDO S.C.A. | D33: TRI0001 | E33: TRIFENO-94, 1 L | F33: 0 | G33: 0 | H33: =ABS(G33-F33) | I33: =IF(F33>0, G33/F33, IF(G33>0, 1.0, 0.0)) | K33: 0 | L33: 0 | M33: 0 | N33: 0 | O33: 108 | P33: 108 | Q33: =K33+M33+O33 | R33: =L33+N33+P33 | S33: =R33-Q33
B34: ESPAÑA | C34: CAMPOEJIDO S.C.A. | D34: TRI0005 | E34: TRIFENO-94, 5L | F34: 100 | G34: 100 | H34: =ABS(G34-F34) | I34: =IF(F34>0, G34/F34, IF(G34>0, 1.0, 0.0)) | K34: 100 | L34: 100 | M34: 100 | N34: 100 | O34: 200 | P34: 200 | Q34: =K34+M34+O34 | R34: =L34+N34+P34 | S34: =R34-Q34
B35: ESPAÑA | C35: COOP.AGRIC. SAN ISIDRO S.C.A. | D35: A-50(2)0005 | E35: CODIORGAN-A50, 5 KG | F35: 0 | G35: 0 | H35: =ABS(G35-F35) | I35: =IF(F35>0, G35/F35, IF(G35>0, 1.0, 0.0)) | K35: 0 | L35: 0 | M35: 0 | N35: 0 | O35: 200 | P35: 200 | Q35: =K35+M35+O35 | R35: =L35+N35+P35 | S35: =R35-Q35
B36: ESPAÑA | C36: COOP.AGRIC. SAN ISIDRO S.C.A. | D36: AGXK0020 | E36: AGROXILATO-K, 20 L | F36: 3200 | G36: 0 | H36: =ABS(G36-F36) | I36: =IF(F36>0, G36/F36, IF(G36>0, 1.0, 0.0)) | K36: 5120 | L36: 5120 | M36: 3840 | N36: 3840 | O36: 7040 | P36: 7040 | Q36: =K36+M36+O36 | R36: =L36+N36+P36 | S36: =R36-Q36
B37: ESPAÑA | C37: COOP.AGRIC. SAN ISIDRO S.C.A. | D37: AGXK0200 | E37: AGROXILATO-K, 200 L | F37: 400 | G37: 0 | H37: =ABS(G37-F37) | I37: =IF(F37>0, G37/F37, IF(G37>0, 1.0, 0.0)) | K37: 0 | L37: 0 | M37: 0 | N37: 0 | O37: 0 | P37: 0 | Q37: =K37+M37+O37 | R37: =L37+N37+P37 | S37: =R37-Q37
B38: ESPAÑA | C38: COOP.AGRIC. SAN ISIDRO S.C.A. | D38: AGZ-M0001 | E38: AGROXILATO-ZN-MN, 1 KG | F38: 0 | G38: 0 | H38: =ABS(G38-F38) | I38: =IF(F38>0, G38/F38, IF(G38>0, 1.0, 0.0)) | K38: 0 | L38: 0 | M38: 112 | N38: 112 | O38: 0 | P38: 0 | Q38: =K38+M38+O38 | R38: =L38+N38+P38 | S38: =R38-Q38
B39: ESPAÑA | C39: COOP.AGRIC. SAN ISIDRO S.C.A. | D39: AGZ-M0005 | E39: AGROXILATO-ZN-MN, 5 KG | F39: 0 | G39: 0 | H39: =ABS(G39-F39) | I39: =IF(F39>0, G39/F39, IF(G39>0, 1.0, 0.0)) | K39: 0 | L39: 0 | M39: 0 | N39: 0 | O39: 200 | P39: 200 | Q39: =K39+M39+O39 | R39: =L39+N39+P39 | S39: =R39-Q39
B40: ESPAÑA | C40: COOP.AGRIC. SAN ISIDRO S.C.A. | D40: AMIMG0020 | E40: AMINOSOIL MG, 20 L | F40: 0 | G40: 0 | H40: =ABS(G40-F40) | I40: =IF(F40>0, G40/F40, IF(G40>0, 1.0, 0.0)) | K40: 0 | L40: 0 | M40: 640 | N40: 640 | O40: 300 | P40: 300 | Q40: =K40+M40+O40 | R40: =L40+N40+P40 | S40: =R40-Q40
... B54: ESPAÑA | C54: GUIVARTO AGRICOLA, S.L. | D54: AGXK0020 | E54: AGROXILATO-K, 20 L | F54: 1240 | G54: 0 | H54: =ABS(G54-F54) | I54: =IF(F54>0, G54/F54, IF(G54>0, 1.0, 0.0)) | K54: 2480 | L54: 2480 | M54: 1240 | N54: 1240 | O54: 1960 | P54: 1960 | Q54: =K54+M54+O54 | R54: =L54+N54+P54 | S54: =R54-Q54
B55: ESPAÑA | C55: GUIVARTO AGRICOLA, S.L. | D55: AGXK1000 | E55: AGROXILATO-K, 1000 L | F55: 0 | G55: 8000 | H55: =ABS(G55-F55) | I55: =IF(F55>0, G55/F55, IF(G55>0, 1.0, 0.0)) | J55: Pedido extra no previsto | K55: 0 | L55: 0 | M55: 1000 | N55: 1000 | O55: 0 | P55: 0 | Q55: =K55+M55+O55 | R55: =L55+N55+P55 | S55: =R55-Q55
B56: ESPAÑA | C56: GUIVARTO AGRICOLA, S.L. | D56: AGZNP0005 | E56: AGROXILATO-ZN PLUS, 5 KG | F56: 50 | G56: 50 | H56: =ABS(G56-F56) | I56: =IF(F56>0, G56/F56, IF(G56>0, 1.0, 0.0)) | K56: 0 | L56: 0 | M56: 0 | N56: 0 | O56: 0 | P56: 0 | Q56: =K56+M56+O56 | R56: =L56+N56+P56 | S56: =R56-Q56
B57: ESPAÑA | C57: GUIVARTO AGRICOLA, S.L. | D57: AQUOM0005 | E57: AQUOM, 5 L | F57: 200 | G57: 200 | H57: =ABS(G57-F57) | I57: =IF(F57>0, G57/F57, IF(G57>0, 1.0, 0.0)) | K57: 0 | L57: 0 | M57: 0 | N57: 0 | O57: 0 | P57: 0 | Q57: =K57+M57+O57 | R57: =L57+N57+P57 | S57: =R57-Q57
B58: ESPAÑA | C58: GUIVARTO AGRICOLA, S.L. | D58: AVAN0005 | E58: FLORAMEC AVANCE, 5 L | F58: 0 | G58: 0 | H58: =ABS(G58-F58) | I58: =IF(F58>0, G58/F58, IF(G58>0, 1.0, 0.0)) | K58: 300 | L58: 300 | M58: 300 | N58: 300 | O58: 300 | P58: 300 | Q58: =K58+M58+O58 | R58: =L58+N58+P58 | S58: =R58-Q58
B59: ESPAÑA | C59: GUIVARTO AGRICOLA, S.L. | D59: AVAN0020 | E59: FLORAMEC AVANCE, 20 L | F59: 640 | G59: 640 | H59: =ABS(G59-F59) | I59: =IF(F59>0, G59/F59, IF(G59>0, 1.0, 0.0)) | K59: 640 | L59: 640 | M59: 0 | N59: 0 | O59: 0 | P59: 0 | Q59: =K59+M59+O59 | R59: =L59+N59+P59 | S59: =R59-Q59
B60: ESPAÑA | C60: GUIVARTO AGRICOLA, S.L. | D60: BEY0020 | E60: FLORAMEC PLUS 20 L | F60: 80 | G60: 80 | H60: =ABS(G60-F60) | I60: =IF(F60>0, G60/F60, IF(G60>0, 1.0, 0.0)) | K60: 0 | L60: 0 | M60: 0 | N60: 0 | O60: 0 | P60: 0 | Q60: =K60+M60+O60 | R60: =L60+N60+P60 | S60: =R60-Q60
B61: ESPAÑA | C61: GUIVARTO AGRICOLA, S.L. | D61: BROTA0005 | E61: BROTAMEC, 5 L | F61: 600 | G61: 600 | H61: =ABS(G61-F61) | I61: =IF(F61>0, G61/F61, IF(G61>0, 1.0, 0.0)) | K61: 0 | L61: 0 | M61: 0 | N61: 0 | O61: 300 | P61: 300 | Q61: =K61+M61+O61 | R61: =L61+N61+P61 | S61: =R61-Q61
B62: ESPAÑA | C62: GUIVARTO AGRICOLA, S.L. | D62: C-GLB0001 | E62: CODIORGAN GLB, 1 KG | F62: 0 | G62: 0 | H62: =ABS(G62-F62) | I62: =IF(F62>0, G62/F62, IF(G62>0, 1.0, 0.0)) | K62: 108 | L62: 108 | M62: 0 | N62: 0 | O62: 108 | P62: 108 | Q62: =K62+M62+O62 | R62: =L62+N62+P62 | S62: =R62-Q62
B63: ESPAÑA | C63: GUIVARTO AGRICOLA, S.L. | D63: C-M-P0001 | E63: CODIFOL Mo-PLUS, 1 L | F63: 36 | G63: 0 | H63: =ABS(G63-F63) | I63: =IF(F63>0, G63/F63, IF(G63>0, 1.0, 0.0)) | K63: 0 | L63: 0 | M63: 0 | N63: 0 | O63: 0 | P63: 0 | Q63: =K63+M63+O63 | R63: =L63+N63+P63 | S63: =R63-Q63
B64: ESPAÑA | C64: GUIVARTO AGRICOLA, S.L. | D64: C-MB0005 | E64: CODIFOL-MB, 5 L | F64: 0 | G64: 0 | H64: =ABS(G64-F64) | I64: =IF(F64>0, G64/F64, IF(G64>0, 1.0, 0.0)) | K64: 100 | L64: 100 | M64: 0 | N64: 0 | O64: 0 | P64: 0 | Q64: =K64+M64+O64 | R64: =L64+N64+P64 | S64: =R64-Q64
B65: ESPAÑA | C65: GUIVARTO AGRICOLA, S.L. | D65: FTK0005 | E65: FITOKONTROL CA FLOW, 5 KG | F65: 800 | G65: 800 | H65: =ABS(G65-F65) | I65: =IF(F65>0, G65/F65, IF(G65>0, 1.0, 0.0)) | K65: 0 | L65: 0 | M65: 0 | N65: 0 | O65: 600 | P65: 600 | Q65: =K65+M65+O65 | R65: =L65+N65+P65 | S65: =R65-Q65
B66: ESPAÑA | C66: GUIVARTO AGRICOLA, S.L. | D66: HST0005 | E66: HIDROSTRESS, 5 L | F66: 0 | G66: 0 | H66: =ABS(G66-F66) | I66: =IF(F66>0, G66/F66, IF(G66>0, 1.0, 0.0)) | K66: 40 | L66: 40 | M66: 40 | N66: 40 | O66: 40 | P66: 40 | Q66: =K66+M66+O66 | R66: =L66+N66+P66 | S66: =R66-Q66
B67: ESPAÑA | C67: GUIVARTO AGRICOLA, S.L. | D67: P-5X0005 | E67: P.M.S. 5x, 5 L | F67: 0 | G67: 0 | H67: =ABS(G67-F67) | I67: =IF(F67>0, G67/F67, IF(G67>0, 1.0, 0.0)) | K67: 0 | L67: 0 | M67: 0 | N67: 0 | O67: 100 | P67: 100 | Q67: =K67+M67+O67 | R67: =L67+N67+P67 | S67: =R67-Q67
... B70: ESPAÑA | C70: GUIVARTO AGRICOLA, S.L. | D70: TRI0005 | E70: TRIFENO-94, 5L | F70: 0 | G70: 0 | H70: =ABS(G70-F70) | I70: =IF(F70>0, G70/F70, IF(G70>0, 1.0, 0.0)) | K70: 300 | L70: 300 | M70: 300 | N70: 300 | O70: 0 | P70: 0 | Q70: =K70+M70+O70 | R70: =L70+N70+P70 | S70: =R70-Q70
B71: ESPAÑA | C71: SUCA, S.C.A. | D71: AGXK0020 | E71: AGROXILATO-K, 20 L | F71: 0 | G71: 640 | H71: =ABS(G71-F71) | I71: =IF(F71>0, G71/F71, IF(G71>0, 1.0, 0.0)) | J71: Pedido extra no previsto | K71: 2760 | L71: 2760 | M71: 1280 | N71: 1280 | O71: 1280 | P71: 1280 | Q71: =K71+M71+O71 | R71: =L71+N71+P71 | S71: =R71-Q71
B72: ESPAÑA | C72: SUCA, S.C.A. | D72: AGXK0200 | E72: AGROXILATO-K, 200 L | F72: 0 | G72: 0 | H72: =ABS(G72-F72) | I72: =IF(F72>0, G72/F72, IF(G72>0, 1.0, 0.0)) | K72: 0 | L72: 0 | M72: 0 | N72: 0 | O72: 200 | P72: 200 | Q72: =K72+M72+O72 | R72: =L72+N72+P72 | S72: =R72-Q72
B73: ESPAÑA | C73: SUCA, S.C.A. | D73: AVAN0020 | E73: FLORAMEC AVANCE, 20 L | F73: 0 | G73: 200 | H73: =ABS(G73-F73) | I73: =IF(F73>0, G73/F73, IF(G73>0, 1.0, 0.0)) | J73: Pedido extra no previsto | K73: 0 | L73: 0 | M73: 0 | N73: 0 | O73: 200 | P73: 200 | Q73: =K73+M73+O73 | R73: =L73+N73+P73 | S73: =R73-Q73
B74: TOTAL CONSOLIDADO - IRENE (UNIDADES) | F74: =SUM(F10:F73) | G74: =SUM(G10:G73) | H74: =SUM(H10:H73) | I74: =IF(F74>0, G74/F74, 1.0) | K74: =SUM(K10:K73) | L74: =SUM(L10:L73) | M74: =SUM(M10:M73) | N74: =SUM(N10:N73) | O74: =SUM(O10:O73) | P74: =SUM(P10:P73) | Q74: =SUM(Q10:Q73) | R74: =SUM(R10:R73) | S74: =SUM(S10:S73)

Sheet Javier
B2: CODIAGRO · ACTUALIZACIÓN DE PREVISIONES COMERCIALES Q4 2026 (OCTUBRE - DICIEMBRE)
B3: DELEGADO COMERCIAL: JAVIER | Cierre Septiembre Oficial (01/10/2026) vs Previsiones a Final de Año | Generado: 01/10/2026 14:17
B4: 📌 INSTRUCCIONES: 1) Revise el bloque de SEPTIEMBRE (Previsto, Real, Desviación en Valor Absoluto y % Consecución) e indique en col. J el motivo de la desviación (adelanto, atraso, extra). 2) En las columnas verdes (L, N, P), revise y actualice las cantidades estimadas de Octubre, Noviembre y Diciembre si prevé cambios. 3) Comente en col. T cualquier nota de campaña.
B5: PREVISTO SEP 2026 (U) | E5: REAL PEDIDOS SEP 2026 (U) | H5: % CONSECUCIÓN SEP | K5: PREVISIÓN INICIAL Q4 (U) | N5: PREVISIÓN REVISADA Q4 (U) | Q5: VARIACIÓN NETA Q4 (U)
B6: =F82 | E6: =G82 | H6: =I82 | K6: =Q82 | N6: =R82 | Q6: =S82
B8: DATOS CLIENTE Y ARTÍCULO | F8: CIERRE SEPTIEMBRE 2026 (CALIBRACIÓN Y ANÁLISIS) | K8: REVISIÓN PREVISIONES MES A MES (HASTA FINAL DE AÑO 2026) | Q8: IMPACTO Q4 Y JUSTIFICACIÓN
B9: País | C9: Cliente | D9: Cód. SKU | E9: Descripción Artículo | F9: Sep Previsto (u) | G9: Sep Real (u) | H9: Desv. Sep (u) | I9: % Consec. | J9: Comentario Sep (¿Adelanto/Atraso/Extra?) | K9: Oct Anterior (u) | L9: Oct Revisado (u) | M9: Nov Anterior (u) | N9: Nov Revisado (u) | O9: Dic Anterior (u) | P9: Dic Revisado (u) | Q9: Total Q4 Ant (u) | R9: Total Q4 Rev (u) | S9: Dif Q4 (u) | T9: Comentarios / Justificación Q4
B10: ESPAÑA | C10: AGROQUIMICAS DRAGO S.L. | D10: AGXK0020 | E10: AGROXILATO-K, 20 L | F10: 0 | G10: 0 | H10: =ABS(G10-F10) | I10: =IF(F10>0, G10/F10, IF(G10>0, 1.0, 0.0)) | K10: 640 | L10: 640 | M10: 1280 | N10: 1280 | O10: 640 | P10: 640 | Q10: =K10+M10+O10 | R10: =L10+N10+P10 | S10: =R10-Q10
B11: ESPAÑA | C11: AGROQUIMICAS DRAGO S.L. | D11: AGXK0200 | E11: AGROXILATO-K, 200 L | F11: 1600 | G11: 3200 | H11: =ABS(G11-F11) | I11: =IF(F11>0, G11/F11, IF(G11>0, 1.0, 0.0)) | K11: 1600 | L11: 1600 | M11: 1600 | N11: 1600 | O11: 1600 | P11: 1600 | Q11: =K11+M11+O11 | R11: =L11+N11+P11 | S11: =R11-Q11
B12: ESPAÑA | C12: AGROQUIMICAS DRAGO S.L. | D12: AGXK1000 | E12: AGROXILATO-K, 1000 L | F12: 0 | G12: 1000 | H12: =ABS(G12-F12) | I12: =IF(F12>0, G12/F12, IF(G12>0, 1.0, 0.0)) | J12: Pedido extra no previsto | K12: 0 | L12: 0 | M12: 0 | N12: 0 | O12: 0 | P12: 0 | Q12: =K12+M12+O12 | R12: =L12+N12+P12 | S12: =R12-Q12
B13: ESPAÑA | C13: AGROQUIMICAS DRAGO S.L. | D13: AN0020 | E13: ALCAPLANT NEW, 20 KG | F13: 1100 | G13: 1100 | H13: =ABS(G13-F13) | I13: =IF(F13>0, G13/F13, IF(G13>0, 1.0, 0.0)) | K13: 2200 | L13: 2200 | M13: 1100 | N13: 1100 | O13: 0 | P13: 0 | Q13: =K13+M13+O13 | R13: =L13+N13+P13 | S13: =R13-Q13
B14: ESPAÑA | C14: AGROQUIMICAS DRAGO S.L. | D14: AVAN0020 | E14: FLORAMEC AVANCE, 20 L | F14: 0 | G14: 0 | H14: =ABS(G14-F14) | I14: =IF(F14>0, G14/F14, IF(G14>0, 1.0, 0.0)) | K14: 300 | L14: 300 | M14: 300 | N14: 300 | O14: 0 | P14: 0 | Q14: =K14+M14+O14 | R14: =L14+N14+P14 | S14: =R14-Q14
B15: ESPAÑA | C15: AGROQUIMICAS DRAGO S.L. | D15: B0005 | E15: BOROCAL, 5 L | F15: 0 | G15: 40 | H15: =ABS(G15-F15) | I15: =IF(F15>0, G15/F15, IF(G15>0, 1.0, 0.0)) | J15: Pedido extra no previsto | K15: 0 | L15: 0 | M15: 0 | N15: 0 | O15: 0 | P15: 0 | Q15: =K15+M15+O15 | R15: =L15+N15+P15 | S15: =R15-Q15
B16: ESPAÑA | C16: AGROQUIMICAS DRAGO S.L. | D16: B0020 | E16: BOROCAL, 20 L | F16: 0 | G16: 100 | H16: =ABS(G16-F16) | I16: =IF(F16>0, G16/F16, IF(G16>0, 1.0, 0.0)) | J16: Pedido extra no previsto | K16: 0 | L16: 0 | M16: 0 | N16: 0 | O16: 0 | P16: 0 | Q16: =K16+M16+O16 | R16: =L16+N16+P16 | S16: =R16-Q16
B17: ESPAÑA | C17: AGROQUIMICAS DRAGO S.L. | D17: BIO0020 | E17: BIORAD-20, 20 L | F17: 0 | G17: 0 | H17: =ABS(G17-F17) | I17: =IF(F17>0, G17/F17, IF(G17>0, 1.0, 0.0)) | K17: 640 | L17: 640 | M17: 640 | N17: 640 | O17: 0 | P17: 0 | Q17: =K17+M17+O17 | R17: =L17+N17+P17 | S17: =R17-Q17
B18: ESPAÑA | C18: AGROQUIMICAS DRAGO S.L. | D18: C-CU0005 | E18: CODICOBRE, 5 L | F18: 0 | G18: 0 | H18: =ABS(G18-F18) | I18: =IF(F18>0, G18/F18, IF(G18>0, 1.0, 0.0)) | K18: 100 | L18: 100 | M18: 300 | N18: 300 | O18: 0 | P18: 0 | Q18: =K18+M18+O18 | R18: =L18+N18+P18 | S18: =R18-Q18
B19: ESPAÑA | C19: AGROQUIMICAS DRAGO S.L. | D19: CALCIO0020 | E19: CALCIAMEC, 20 KG | F19: 0 | G19: 60 | H19: =ABS(G19-F19) | I19: =IF(F19>0, G19/F19, IF(G19>0, 1.0, 0.0)) | J19: Pedido extra no previsto | K19: 0 | L19: 0 | M19: 200 | N19: 200 | O19: 0 | P19: 0 | Q19: =K19+M19+O19 | R19: =L19+N19+P19 | S19: =R19-Q19
B20: ESPAÑA | C20: AGROQUIMICAS DRAGO S.L. | D20: CM3M0005 | E20: TENSOLINE-MAX, 5 L | F20: 0 | G20: 60 | H20: =ABS(G20-F20) | I20: =IF(F20>0, G20/F20, IF(G20>0, 1.0, 0.0)) | J20: Pedido extra no previsto | K20: 0 | L20: 0 | M20: 0 | N20: 0 | O20: 0 | P20: 0 | Q20: =K20+M20+O20 | R20: =L20+N20+P20 | S20: =R20-Q20
B21: ESPAÑA | C21: AGROQUIMICAS DRAGO S.L. | D21: CPLUS0020 | E21: CALCIPLUS, 20 L | F21: 0 | G21: 200 | H21: =ABS(G21-F21) | I21: =IF(F21>0, G21/F21, IF(G21>0, 1.0, 0.0)) | J21: Pedido extra no previsto | K21: 640 | L21: 640 | M21: 640 | N21: 640 | O21: 0 | P21: 0 | Q21: =K21+M21+O21 | R21: =L21+N21+P21 | S21: =R21-Q21
B22: ESPAÑA | C22: AGROQUIMICAS DRAGO S.L. | D22: CPLUS0200 | E22: CALCIPLUS, 200 L | F22: 0 | G22: 0 | H22: =ABS(G22-F22) | I22: =IF(F22>0, G22/F22, IF(G22>0, 1.0, 0.0)) | K22: 0 | L22: 0 | M22: 800 | N22: 800 | O22: 0 | P22: 0 | Q22: =K22+M22+O22 | R22: =L22+N22+P22 | S22: =R22-Q22
B23: ESPAÑA | C23: AGROQUIMICAS DRAGO S.L. | D23: CPLUS1000 | E23: CALCIPLUS, 1000 L | F23: 0 | G23: 0 | H23: =ABS(G23-F23) | I23: =IF(F23>0, G23/F23, IF(G23>0, 1.0, 0.0)) | K23: 2000 | L23: 2000 | M23: 2000 | N23: 2000 | O23: 0 | P23: 0 | Q23: =K23+M23+O23 | R23: =L23+N23+P23 | S23: =R23-Q23
B24: ESPAÑA | C24: AGROQUIMICAS DRAGO S.L. | D24: FLOR0200 | E24: FLORAMEC, 200 L | F24: 0 | G24: 0 | H24: =ABS(G24-F24) | I24: =IF(F24>0, G24/F24, IF(G24>0, 1.0, 0.0)) | K24: 200 | L24: 200 | M24: 0 | N24: 0 | O24: 0 | P24: 0 | Q24: =K24+M24+O24 | R24: =L24+N24+P24 | S24: =R24-Q24
B25: ESPAÑA | C25: AGROQUIMICAS DRAGO S.L. | D25: FTK0005 | E25: FITOKONTROL CA FLOW, 5 KG | F25: 0 | G25: 40 | H25: =ABS(G25-F25) | I25: =IF(F25>0, G25/F25, IF(G25>0, 1.0, 0.0)) | J25: Pedido extra no previsto | K25: 0 | L25: 0 | M25: 0 | N25: 0 | O25: 0 | P25: 0 | Q25: =K25+M25+O25 | R25: =L25+N25+P25 | S25: =R25-Q25
B26: ESPAÑA | C26: AGROQUIMICAS DRAGO S.L. | D26: JF0020 | E26: DRAGO-FOS, 20 L | F26: 0 | G26: 1280 | H26: =ABS(G26-F26) | I26: =IF(F26>0, G26/F26, IF(G26>0, 1.0, 0.0)) | J26: Pedido extra no previsto | K26: 0 | L26: 0 | M26: 640 | N26: 640 | O26: 0 | P26: 0 | Q26: =K26+M26+O26 | R26: =L26+N26+P26 | S26: =R26-Q26
B27: ESPAÑA | C27: AGROQUIMICAS DRAGO S.L. | D27: PHD0005 | E27: PH-DOWNER, 5 L | F27: 0 | G27: 40 | H27: =ABS(G27-F27) | I27: =IF(F27>0, G27/F27, IF(G27>0, 1.0, 0.0)) | J27: Pedido extra no previsto | K27: 0 | L27: 0 | M27: 0 | N27: 0 | O27: 0 | P27: 0 | Q27: =K27+M27+O27 | R27: =L27+N27+P27 | S27: =R27-Q27
B28: ESPAÑA | C28: AGROQUIMICAS DRAGO S.L. | D28: PT0020 | E28: AGROPOTASION, 20 L | F28: 0 | G28: 0 | H28: =ABS(G28-F28) | I28: =IF(F28>0, G28/F28, IF(G28>0, 1.0, 0.0)) | K28: 640 | L28: 640 | M28: 640 | N28: 640 | O28: 0 | P28: 0 | Q28: =K28+M28+O28 | R28: =L28+N28+P28 | S28: =R28-Q28
B29: ESPAÑA | C29: AGROQUIMICAS DRAGO S.L. | D29: PT0200 | E29: AGROPOTASION, 200 L | F29: 0 | G29: 0 | H29: =ABS(G29-F29) | I29: =IF(F29>0, G29/F29, IF(G29>0, 1.0, 0.0)) | K29: 200 | L29: 200 | M29: 200 | N29: 200 | O29: 0 | P29: 0 | Q29: =K29+M29+O29 | R29: =L29+N29+P29 | S29: =R29-Q29
B30: ESPAÑA | C30: AGROQUIMICAS DRAGO S.L. | D30: S0020 | E30: SAL-WAX STAR, 20 L | F30: 0 | G30: 1280 | H30: =ABS(G30-F30) | I30: =IF(F30>0, G30/F30, IF(G30>0, 1.0, 0.0)) | J30: Pedido extra no previsto | K30: 1280 | L30: 1280 | M30: 1280 | N30: 1280 | O30: 0 | P30: 0 | Q30: =K30+M30+O30 | R30: =L30+N30+P30 | S30: =R30-Q30
B31: ESPAÑA | C31: AGROQUIMICAS DRAGO S.L. | D31: S0200 | E31: SALWAX STAR, 200 L | F31: 0 | G31: 0 | H31: =ABS(G31-F31) | I31: =IF(F31>0, G31/F31, IF(G31>0, 1.0, 0.0)) | K31: 1200 | L31: 1200 | M31: 1200 | N31: 1200 | O31: 0 | P31: 0 | Q31: =K31+M31+O31 | R31: =L31+N31+P31 | S31: =R31-Q31
B32: ESPAÑA | C32: ALMENDRALIA IBÉRICA, S.L.U. | D32: AN0020 | E32: ALCAPLANT NEW, 20 KG | F32: 0 | G32: 1100 | H32: =ABS(G32-F32) | I32: =IF(F32>0, G32/F32, IF(G32>0, 1.0, 0.0)) | J32: Pedido extra no previsto | K32: 0 | L32: 0 | M32: 0 | N32: 0 | O32: 0 | P32: 0 | Q32: =K32+M32+O32 | R32: =L32+N32+P32 | S32: =R32-Q32
B33: ESPAÑA | C33: CABRERA MORALES FRANCISCO | D33: A-50(2)0005 | E33: CODIORGAN A-50, 5 KG | F33: 0 | G33: 625 | H33: =ABS(G33-F33) | I33: =IF(F33>0, G33/F33, IF(G33>0, 1.0, 0.0)) | J33: Pedido extra no previsto | K33: 0 | L33: 0 | M33: 750 | N33: 750 | O33: 0 | P33: 0 | Q33: =K33+M33+O33 | R33: =L33+N33+P33 | S33: =R33-Q33
B34: ESPAÑA | C34: CABRERA MORALES FRANCISCO | D34: A-50(2)0020 | E34: CODIORGAN A-50, 20 KG | F34: 0 | G34: 100 | H34: =ABS(G34-F34) | I34: =IF(F34>0, G34/F34, IF(G34>0, 1.0, 0.0)) | J34: Pedido extra no previsto | K34: 0 | L34: 0 | M34: 0 | N34: 0 | O34: 0 | P34: 0 | Q34: =K34+M34+O34 | R34: =L34+N34+P34 | S34: =R34-Q34
B35: ESPAÑA | C35: CABRERA MORALES FRANCISCO | D35: AGXK0005 | E35: AGROXILATO-K, 5 L | F35: 0 | G35: 0 | H35: =ABS(G35-F35) | I35: =IF(F35>0, G35/F35, IF(G35>0, 1.0, 0.0)) | K35: 0 | L35: 0 | M35: 1800 | N35: 1800 | O35: 0 | P35: 0 | Q35: =K35+M35+O35 | R35: =L35+N35+P35 | S35: =R35-Q35
B36: ESPAÑA | C36: CABRERA MORALES FRANCISCO | D36: AGXK0020 | E36: AGROXILATO-K, 20 L | F36: 0 | G36: 0 | H36: =ABS(G36-F36) | I36: =IF(F36>0, G36/F36, IF(G36>0, 1.0, 0.0)) | K36: 0 | L36: 0 | M36: 2560 | N36: 2560 | O36: 0 | P36: 0 | Q36: =K36+M36+O36 | R36: =L36+N36+P36 | S36: =R36-Q36
B37: ESPAÑA | C37: CABRERA MORALES FRANCISCO | D37: ANAE0005 | E37: ALCAPLANT NEW AE, 5 KG | F37: 6600 | G37: 6600 | H37: =ABS(G37-F37) | I37: =IF(F37>0, G37/F37, IF(G37>0, 1.0, 0.0)) | K37: 4400 | L37: 4400 | M37: 6600 | N37: 6600 | O37: 0 | P37: 0 | Q37: =K37+M37+O37 | R37: =L37+N37+P37 | S37: =R37-Q37
B38: ESPAÑA | C38: CABRERA MORALES FRANCISCO | D38: ANAE0020 | E38: ALCAPLANT NEW AE, 20 KG | F38: 0 | G38: 0 | H38: =ABS(G38-F38) | I38: =IF(F38>0, G38/F38, IF(G38>0, 1.0, 0.0)) | K38: 1100 | L38: 1100 | M38: 1100 | N38: 1100 | O38: 0 | P38: 0 | Q38: =K38+M38+O38 | R38: =L38+N38+P38 | S38: =R38-Q38
B39: ESPAÑA | C39: CABRERA MORALES FRANCISCO | D39: BIO0005 | E39: BIORAD-20, 5L | F39: 0 | G39: 600 | H39: =ABS(G39-F39) | I39: =IF(F39>0, G39/F39, IF(G39>0, 1.0, 0.0)) | J39: Pedido extra no previsto | K39: 1200 | L39: 1200 | M39: 1200 | N39: 1200 | O39: 0 | P39: 0 | Q39: =K39+M39+O39 | R39: =L39+N39+P39 | S39: =R39-Q39
B40: ESPAÑA | C40: CABRERA MORALES FRANCISCO | D40: BIO0020 | E40: BIORAD-20, 20 L | F40: 0 | G40: 1280 | H40: =ABS(G40-F40) | I40: =IF(F40>0, G40/F40, IF(G40>0, 1.0, 0.0)) | J40: Pedido extra no previsto | K40: 1280 | L40: 1280 | M40: 1280 | N40: 1280 | O40: 0 | P40: 0 | Q40: =K40+M40+O40 | R40: =L40+N40+P40 | S40: =R40-Q40
B41: ESPAÑA | C41: CABRERA MORALES FRANCISCO | D41: C-L0005 | E41: CODIBOR-L, 5 L | F41: 0 | G41: 400 | H41: =ABS(G41-F41) | I41: =IF(F41>0, G41/F41, IF(G41>0, 1.0, 0.0)) | J41: Pedido extra no previsto | K41: 0 | L41: 0 | M41: 0 | N41: 0 | O41: 0 | P41: 0 | Q41: =K41+M41+O41 | R41: =L41+N41+P41 | S41: =R41-Q41
B42: ESPAÑA | C42: CABRERA MORALES FRANCISCO | D42: CALCIO0020 | E42: CALCIAMEC, 20 KG | F42: 0 | G42: 0 | H42: =ABS(G42-F42) | I42: =IF(F42>0, G42/F42, IF(G42>0, 1.0, 0.0)) | K42: 0 | L42: 0 | M42: 800 | N42: 800 | O42: 0 | P42: 0 | Q42: =K42+M42+O42 | R42: =L42+N42+P42 | S42: =R42-Q42
B43: ESPAÑA | C43: CABRERA MORALES FRANCISCO | D43: PIV0005 | E43: PGR IV, 5 L | F43: 0 | G43: 200 | H43: =ABS(G43-F43) | I43: =IF(F43>0, G43/F43, IF(G43>0, 1.0, 0.0)) | J43: Pedido extra no previsto | K43: 0 | L43: 0 | M43: 0 | N43: 0 | O43: 0 | P43: 0 | Q43: =K43+M43+O43 | R43: =L43+N43+P43 | S43: =R43-Q43
B44: ESPAÑA | C44: CABRERA MORALES FRANCISCO | D44: PIV0020 | E44: PGR IV, 20 L | F44: 0 | G44: 200 | H44: =ABS(G44-F44) | I44: =IF(F44>0, G44/F44, IF(G44>0, 1.0, 0.0)) | J44: Pedido extra no previsto | K44: 0 | L44: 0 | M44: 0 | N44: 0 | O44: 0 | P44: 0 | Q44: =K44+M44+O44 | R44: =L44+N44+P44 | S44: =R44-Q44
B45: ESPAÑA | C45: CABRERA MORALES FRANCISCO | D45: SS0005 | E45: SAL-WAX-Ca sólido, 5 KG | F45: 0 | G45: 0 | H45: =ABS(G45-F45) | I45: =IF(F45>0, G45/F45, IF(G45>0, 1.0, 0.0)) | K45: 0 | L45: 0 | M45: 750 | N45: 750 | O45: 0 | P45: 0 | Q45: =K45+M45+O45 | R45: =L45+N45+P45 | S45: =R45-Q45
B46: ESPAÑA | C46: CABRERA MORALES FRANCISCO | D46: SS0020 | E46: SAL-WAX-Ca sólido, 20 KG | F46: 0 | G46: 0 | H46: =ABS(G46-F46) | I46: =IF(F46>0, G46/F46, IF(G46>0, 1.0, 0.0)) | K46: 0 | L46: 0 | M46: 800 | N46: 800 | O46: 0 | P46: 0 | Q46: =K46+M46+O46 | R46: =L46+N46+P46 | S46: =R46-Q46
B47: ESPAÑA | C47: CODIMED EXPORT, S.L. | D47: AGXK1000 | E47: AGROXILATO-K, 1000 L | F47: 0 | G47: 0 | H47: =ABS(G47-F47) | I47: =IF(F47>0, G47/F47, IF(G47>0, 1.0, 0.0)) | K47: 2000 | L47: 2000 | M47: 2000 | N47: 2000 | O47: 0 | P47: 0 | Q47: =K47+M47+O47 | R47: =L47+N47+P47 | S47: =R47-Q47
B48: ESPAÑA | C48: CODIMED EXPORT, S.L. | D48: AN0020 | E48: ALCAPLANT NEW, 20 KG | F48: 0 | G48: 0 | H48: =ABS(G48-F48) | I48: =IF(F48>0, G48/F48, IF(G48>0, 1.0, 0.0)) | K48: 1100 | L48: 1100 | M48: 2200 | N48: 2200 | O48: 0 | P48: 0 | Q48: =K48+M48+O48 | R48: =L48+N48+P48 | S48: =R48-Q48
B49: ESPAÑA | C49: CODIMED EXPORT, S.L. | D49: B0020 | E49: BOROCAL, 20 L | F49: 0 | G49: 0 | H49: =ABS(G49-F49) | I49: =IF(F49>0, G49/F49, IF(G49>0, 1.0, 0.0)) | K49: 640 | L49: 640 | M49: 0 | N49: 0 | O49: 0 | P49: 0 | Q49: =K49+M49+O49 | R49: =L49+N49+P49 | S49: =R49-Q49
B50: ESPAÑA | C50: CODIMED EXPORT, S.L. | D50: BIO0020 | E50: BIORAD-20, 20 L | F50: 0 | G50: 640 | H50: =ABS(G50-F50) | I50: =IF(F50>0, G50/F50, IF(G50>0, 1.0, 0.0)) | J50: Pedido extra no previsto | K50: 0 | L50: 0 | M50: 0 | N50: 0 | O50: 0 | P50: 0 | Q50: =K50+M50+O50 | R50: =L50+N50+P50 | S50: =R50-Q50
B51: ESPAÑA | C51: CODIMED EXPORT, S.L. | D51: BIO1000 | E51: BIORAD-20, 1000 L | F51: 0 | G51: 0 | H51: =ABS(G51-F51) | I51: =IF(F51>0, G51/F51, IF(G51>0, 1.0, 0.0)) | K51: 1000 | L51: 1000 | M51: 0 | N51: 0 | O51: 0 | P51: 0 | Q51: =K51+M51+O51 | R51: =L51+N51+P51 | S51: =R51-Q51
B52: ESPAÑA | C52: CODIMED EXPORT, S.L. | D52: C-CU0020 | E52: CODICOBRE, 20 L | F52: 0 | G52: 320 | H52: =ABS(G52-F52) | I52: =IF(F52>0, G52/F52, IF(G52>0, 1.0, 0.0)) | J52: Pedido extra no previsto | K52: 640 | L52: 640 | M52: 0 | N52: 0 | O52: 0 | P52: 0 | Q52: =K52+M52+O52 | R52: =L52+N52+P52 | S52: =R52-Q52
B53: ESPAÑA | C53: CODIMED EXPORT, S.L. | D53: C-L0005 | E53: CODIBOR-L, 5 L | F53: 200 | G53: 300 | H53: =ABS(G53-F53) | I53: =IF(F53>0, G53/F53, IF(G53>0, 1.0, 0.0)) | K53: 0 | L53: 0 | M53: 0 | N53: 0 | O53: 0 | P53: 0 | Q53: =K53+M53+O53 | R53: =L53+N53+P53 | S53: =R53-Q53
B54: ESPAÑA | C54: CODIMED EXPORT, S.L. | D54: C-L0020 | E54: CODIBOR-L, 20 L | F54: 640 | G54: 960 | H54: =ABS(G54-F54) | I54: =IF(F54>0, G54/F54, IF(G54>0, 1.0, 0.0)) | K54: 0 | L54: 0 | M54: 0 | N54: 0 | O54: 0 | P54: 0 | Q54: =K54+M54+O54 | R54: =L54+N54+P54 | S54: =R54-Q54
B55: ESPAÑA | C55: CODIMED EXPORT, S.L. | D55: PT0005 | E55: AGROPOTASION, 5 L | F55: 0 | G55: 100 | H55: =ABS(G55-F55) | I55: =IF(F55>0, G55/F55, IF(G55>0, 1.0, 0.0)) | J55: Pedido extra no previsto | K55: 0 | L55: 0 | M55: 0 | N55: 0 | O55: 0 | P55: 0 | Q55: =K55+M55+O55 | R55: =L55+N55+P55 | S55: =R55-Q55
B56: ESPAÑA | C56: CODIMED EXPORT, S.L. | D56: PT0020 | E56: AGROPOTASION, 20 L | F56: 0 | G56: 200 | H56: =ABS(G56-F56) | I56: =IF(F56>0, G56/F56, IF(G56>0, 1.0, 0.0)) | J56: Pedido extra no previsto | K56: 0 | L56: 0 | M56: 0 | N56: 0 | O56: 0 | P56: 0 | Q56: =K56+M56+O56 | R56: =L56+N56+P56 | S56: =R56-Q56
B57: ESPAÑA | C57: CODIMED EXPORT, S.L. | D57: SPCE2B0020 | E57: SPRINTENE CON BORO, 20 L | F57: 0 | G57: 320 | H57: =ABS(G57-F57) | I57: =IF(F57>0, G57/F57, IF(G57>0, 1.0, 0.0)) | J57: Pedido extra no previsto | K57: 0 | L57: 0 | M57: 0 | N57: 0 | O57: 0 | P57: 0 | Q57: =K57+M57+O57 | R57: =L57+N57+P57 | S57: =R57-Q57
B58: ESPAÑA | C58: CODIMED EXPORT, S.L. | D58: SS0020 | E58: SAL-WAX-Ca sólido, 20 KG | F58: 0 | G58: 0 | H58: =ABS(G58-F58) | I58: =IF(F58>0, G58/F58, IF(G58>0, 1.0, 0.0)) | K58: 800 | L58: 800 | M58: 0 | N58: 0 | O58: 0 | P58: 0 | Q58: =K58+M58+O58 | R58: =L58+N58+P58 | S58: =R58-Q58
B59: ESPAÑA | C59: FINCA DOÑA ANA C.B. | D59: A-50(2)0020 | E59: CODIORGAN-A50, 20 KG | F59: 0 | G59: 120 | H59: =ABS(G59-F59) | I59: =IF(F59>0, G59/F59, IF(G59>0, 1.0, 0.0)) | J59: Pedido extra no previsto | K59: 0 | L59: 0 | M59: 0 | N59: 0 | O59: 0 | P59: 0 | Q59: =K59+M59+O59 | R59: =L59+N59+P59 | S59: =R59-Q59
B60: ESPAÑA | C60: FINCA DOÑA ANA C.B. | D60: C-CU1000 | E60: CODICOBRE, 1000 L | F60: 0 | G60: 1000 | H60: =ABS(G60-F60) | I60: =IF(F60>0, G60/F60, IF(G60>0, 1.0, 0.0)) | J60: Pedido extra no previsto | K60: 0 | L60: 0 | M60: 0 | N60: 0 | O60: 0 | P60: 0 | Q60: =K60+M60+O60 | R60: =L60+N60+P60 | S60: =R60-Q60
B61: ESPAÑA | C61: FITOSANITARIOS CARCAIXENT, S.L. | D61: C-CU0005 | E61: CODICOBRE, 5 L | F61: 0 | G61: 100 | H61: =ABS(G61-F61) | I61: =IF(F61>0, G61/F61, IF(G61>0, 1.0, 0.0)) | J61: Pedido extra no previsto | K61: 0 | L61: 0 | M61: 0 | N61: 0 | O61: 0 | P61: 0 | Q61: =K61+M61+O61 | R61: =L61+N61+P61 | S61: =R61-Q61
B62: ESPAÑA | C62: FITOSANITARIOS CARCAIXENT, S.L. | D62: G30020 | E62: GREEN-UP, 20 L | F62: 0 | G62: 200 | H62: =ABS(G62-F62) | I62: =IF(F62>0, G62/F62, IF(G62>0, 1.0, 0.0)) | J62: Pedido extra no previsto | K62: 0 | L62: 0 | M62: 0 | N62: 0 | O62: 0 | P62: 0 | Q62: =K62+M62+O62 | R62: =L62+N62+P62 | S62: =R62-Q62
B63: ESPAÑA | C63: FITOSANITARIOS CARCAIXENT, S.L. | D63: HST0020 | E63: HIDROSTRESS-40, 20 L | F63: 0 | G63: 100 | H63: =ABS(G63-F63) | I63: =IF(F63>0, G63/F63, IF(G63>0, 1.0, 0.0)) | J63: Pedido extra no previsto | K63: 0 | L63: 0 | M63: 0 | N63: 0 | O63: 0 | P63: 0 | Q63: =K63+M63+O63 | R63: =L63+N63+P63 | S63: =R63-Q63
B64: ESPAÑA | C64: FITOSANITARIOS CARCAIXENT, S.L. | D64: PT0005 | E64: AGROPOTASION, 5 L | F64: 0 | G64: 600 | H64: =ABS(G64-F64) | I64: =IF(F64>0, G64/F64, IF(G64>0, 1.0, 0.0)) | J64: Pedido extra no previsto | K64: 0 | L64: 0 | M64: 0 | N64: 0 | O64: 0 | P64: 0 | Q64: =K64+M64+O64 | R64: =L64+N64+P64 | S64: =R64-Q64
B65: ESPAÑA | C65: FITOSANITARIOS CARCAIXENT, S.L. | D65: PT0020 | E65: AGROPOTASION, 20 L | F65: 0 | G65: 1920 | H65: =ABS(G65-F65) | I65: =IF(F65>0, G65/F65, IF(G65>0, 1.0, 0.0)) | J65: Pedido extra no previsto | K65: 0 | L65: 0 | M65: 0 | N65: 0 | O65: 0 | P65: 0 | Q65: =K65+M65+O65 | R65: =L65+N65+P65 | S65: =R65-Q65
B66: ESPAÑA | C66: FITOSANITARIOS DRAGO S.L.U | D66: AGXK0020 | E66: AGROXILATO-K, 20 L | F66: 0 | G66: 0 | H66: =ABS(G66-F66) | I66: =IF(F66>0, G66/F66, IF(G66>0, 1.0, 0.0)) | K66: 0 | L66: 0 | M66: 1280 | N66: 1280 | O66: 0 | P66: 0 | Q66: =K66+M66+O66 | R66: =L66+N66+P66 | S66: =R66-Q66
B67: ESPAÑA | C67: FITOSANITARIOS DRAGO S.L.U | D67: AGXK0200 | E67: AGROXILATO-K, 200 L | F67: 0 | G67: 1600 | H67: =ABS(G67-F67) | I67: =IF(F67>0, G67/F67, IF(G67>0, 1.0, 0.0)) | J67: Pedido extra no previsto | K67: 800 | L67: 800 | M67: 2400 | N67: 2400 | O67: 0 | P67: 0 | Q67: =K67+M67+O67 | R67: =L67+N67+P67 | S67: =R67-Q67
B68: ESPAÑA | C68: FITOSANITARIOS DRAGO S.L.U | D68: AGXK1000 | E68: AGROXILATO-K, 1000 L | F68: 0 | G68: 10000 | H68: =ABS(G68-F68) | I68: =IF(F68>0, G68/F68, IF(G68>0, 1.0, 0.0)) | J68: Pedido extra no previsto | K68: 8000 | L68: 8000 | M68: 6000 | N68: 6000 | O68: 0 | P68: 0 | Q68: =K68+M68+O68 | R68: =L68+N68+P68 | S68: =R68-Q68
B69: ESPAÑA | C69: FITOSANITARIOS DRAGO S.L.U | D69: AVAN0020 | E69: FLORAMEC AVANCE, 20 L | F69: 0 | G69: 0 | H69: =ABS(G69-F69) | I69: =IF(F69>0, G69/F69, IF(G69>0, 1.0, 0.0)) | K69: 220 | L69: 220 | M69: 220 | N69: 220 | O69: 0 | P69: 0 | Q69: =K69+M69+O69 | R69: =L69+N69+P69 | S69: =R69-Q69
B70: ESPAÑA | C70: FITOSANITARIOS DRAGO S.L.U | D70: C-CU0001 | E70: CODICOBRE, 1 L | F70: 0 | G70: 24 | H70: =ABS(G70-F70) | I70: =IF(F70>0, G70/F70, IF(G70>0, 1.0, 0.0)) | J70: Pedido extra no previsto | K70: 0 | L70: 0 | M70: 0 | N70: 0 | O70: 0 | P70: 0 | Q70: =K70+M70+O70 | R70: =L70+N70+P70 | S70: =R70-Q70
B71: ESPAÑA | C71: FITOSANITARIOS DRAGO S.L.U | D71: JF0020 | E71: DRAGO-FOS, 20 L | F71: 0 | G71: 1280 | H71: =ABS(G71-F71) | I71: =IF(F71>0, G71/F71, IF(G71>0, 1.0, 0.0)) | J71: Pedido extra no previsto | K71: 1280 | L71: 1280 | M71: 1920 | N71: 1920 | O71: 0 | P71: 0 | Q71: =K71+M71+O71 | R71: =L71+N71+P71 | S71: =R71-Q71
B72: ESPAÑA | C72: FITOSANITARIOS DRAGO S.L.U | D72: PHD0005 | E72: PH-DOWNER, 5 L | F72: 0 | G72: 400 | H72: =ABS(G72-F72) | I72: =IF(F72>0, G72/F72, IF(G72>0, 1.0, 0.0)) | J72: Pedido extra no previsto | K72: 0 | L72: 0 | M72: 0 | N72: 0 | O72: 0 | P72: 0 | Q72: =K72+M72+O72 | R72: =L72+N72+P72 | S72: =R72-Q72
B73: ESPAÑA | C73: FITOSANITARIOS DRAGO S.L.U | D73: PHD0020 | E73: PH-DOWNER, 20 L | F73: 0 | G73: 640 | H73: =ABS(G73-F73) | I73: =IF(F73>0, G73/F73, IF(G73>0, 1.0, 0.0)) | J73: Pedido extra no previsto | K73: 1280 | L73: 1280 | M73: 0 | N73: 0 | O73: 0 | P73: 0 | Q73: =K73+M73+O73 | R73: =L73+N73+P73 | S73: =R73-Q73
B74: ESPAÑA | C74: FITOSANITARIOS DRAGO S.L.U | D74: S0200 | E74: SAL-WAX STAR, 200 L | F74: 0 | G74: 800 | H74: =ABS(G74-F74) | I74: =IF(F74>0, G74/F74, IF(G74>0, 1.0, 0.0)) | J74: Pedido extra no previsto | K74: 0 | L74: 0 | M74: 0 | N74: 0 | O74: 0 | P74: 0 | Q74: =K74+M74+O74 | R74: =L74+N74+P74 | S74: =R74-Q74
B75: ESPAÑA | C75: FITOSANITARIOS DRAGO S.L.U | D75: S1000 | E75: SAL-WAX STAR, 1000 L | F75: 0 | G75: 0 | H75: =ABS(G75-F75) | I75: =IF(F75>0, G75/F75, IF(G75>0, 1.0, 0.0)) | K75: 2000 | L75: 2000 | M75: 2000 | N75: 2000 | O75: 0 | P75: 0 | Q75: =K75+M75+O75 | R75: =L75+N75+P75 | S75: =R75-Q75
B76: ESPAÑA | C76: FITOSANITARIOS DRAGO S.L.U | D76: SS0020 | E76: SALWAX-CA, 20 KG | F76: 0 | G76: 40 | H76: =ABS(G76-F76) | I76: =IF(F76>0, G76/F76, IF(G76>0, 1.0, 0.0)) | J76: Pedido extra no previsto | K76: 0 | L76: 0 | M76: 0 | N76: 0 | O76: 0 | P76: 0 | Q76: =K76+M76+O76 | R76: =L76+N76+P76 | S76: =R76-Q76
B77: ESPAÑA | C77: FITOXENT S.C.L.V. | D77: AGXK0020 | E77: AGROXILATO-K, 20 L | F77: 0 | G77: 0 | H77: =ABS(G77-F77) | I77: =IF(F77>0, G77/F77, IF(G77>0, 1.0, 0.0)) | K77: 640 | L77: 640 | M77: 0 | N77: 0 | O77: 0 | P77: 0 | Q77: =K77+M77+O77 | R77: =L77+N77+P77 | S77: =R77-Q77
B78: ESPAÑA | C78: FITOXENT S.C.L.V. | D78: BIO0020 | E78: BIORAD-20, 20 L | F78: 0 | G78: 0 | H78: =ABS(G78-F78) | I78: =IF(F78>0, G78/F78, IF(G78>0, 1.0, 0.0)) | K78: 0 | L78: 0 | M78: 640 | N78: 640 | O78: 0 | P78: 0 | Q78: =K78+M78+O78 | R78: =L78+N78+P78 | S78: =R78-Q78
B79: ESPAÑA | C79: FITOXENT S.C.L.V. | D79: FTK0005 | E79: FITOKONTROL CA FLOW, 5 KG | F79: 4400 | G79: 4400 | H79: =ABS(G79-F79) | I79: =IF(F79>0, G79/F79, IF(G79>0, 1.0, 0.0)) | K79: 0 | L79: 0 | M79: 0 | N79: 0 | O79: 0 | P79: 0 | Q79: =K79+M79+O79 | R79: =L79+N79+P79 | S79: =R79-Q79
B80: ESPAÑA | C80: FITOXENT S.C.L.V. | D80: PT0020 | E80: AGROPOTASION, 20 L | F80: 2560 | G80: 1280 | H80: =ABS(G80-F80) | I80: =IF(F80>0, G80/F80, IF(G80>0, 1.0, 0.0)) | K80: 2560 | L80: 2560 | M80: 1280 | N80: 1280 | O80: 0 | P80: 0 | Q80: =K80+M80+O80 | R80: =L80+N80+P80 | S80: =R80-Q80
B81: ESPAÑA | C81: FITOXENT S.C.L.V. | D81: S0020 | E81: SALWAX STAR, 20 L | F81: 0 | G81: 200 | H81: =ABS(G81-F81) | I81: =IF(F81>0, G81/F81, IF(G81>0, 1.0, 0.0)) | J81: Pedido extra no previsto | K81: 0 | L81: 0 | M81: 0 | N81: 0 | O81: 0 | P81: 0 | Q81: =K81+M81+O81 | R81: =L81+N81+P81 | S81: =R81-Q81
B82: TOTAL CONSOLIDADO - JAVIER (UNIDADES) | F82: =SUM(F10:F81) | G82: =SUM(G10:G81) | H82: =SUM(H10:H81) | I82: =IF(F82>0, G82/F82, 1.0) | K82: =SUM(K10:K81) | L82: =SUM(L10:L81) | M82: =SUM(M10:M81) | N82: =SUM(N10:N81) | O82: =SUM(O10:O81) | P82: =SUM(P10:P81) | Q82: =SUM(Q10:Q81) | R82: =SUM(R10:R81) | S82: =SUM(S10:S81)

Sheet Mehmet
B2: CODIAGRO · ACTUALIZACIÓN DE PREVISIONES COMERCIALES Q4 2026 (OCTUBRE - DICIEMBRE)
B3: DELEGADO COMERCIAL: MEHMET | Cierre Septiembre Oficial (01/10/2026) vs Previsiones a Final de Año | Generado: 01/10/2026 14:17
B4: 📌 INSTRUCCIONES: 1) Revise el bloque de SEPTIEMBRE (Previsto, Real, Desviación en Valor Absoluto y % Consecución) e indique en col. J el motivo de la desviación (adelanto, atraso, extra). 2) En las columnas verdes (L, N, P), revise y actualice las cantidades estimadas de Octubre, Noviembre y Diciembre si prevé cambios. 3) Comente en col. T cualquier nota de campaña.
B5: PREVISTO SEP 2026 (U) | E5: REAL PEDIDOS SEP 2026 (U) | H5: % CONSECUCIÓN SEP | K5: PREVISIÓN INICIAL Q4 (U) | N5: PREVISIÓN REVISADA Q4 (U) | Q5: VARIACIÓN NETA Q4 (U)
B6: =F48 | E6: =G48 | H6: =I48 | K6: =Q48 | N6: =R48 | Q6: =S48
B8: DATOS CLIENTE Y ARTÍCULO | F8: CIERRE SEPTIEMBRE 2026 (CALIBRACIÓN Y ANÁLISIS) | K8: REVISIÓN PREVISIONES MES A MES (HASTA FINAL DE AÑO 2026) | Q8: IMPACTO Q4 Y JUSTIFICACIÓN
B9: País | C9: Cliente | D9: Cód. SKU | E9: Descripción Artículo | F9: Sep Previsto (u) | G9: Sep Real (u) | H9: Desv. Sep (u) | I9: % Consec. | J9: Comentario Sep (¿Adelanto/Atraso/Extra?) | K9: Oct Anterior (u) | L9: Oct Revisado (u) | M9: Nov Anterior (u) | N9: Nov Revisado (u) | O9: Dic Anterior (u) | P9: Dic Revisado (u) | Q9: Total Q4 Ant (u) | R9: Total Q4 Rev (u) | S9: Dif Q4 (u) | T9: Comentarios / Justificación Q4
B10: GEORGIA | C10: BORN AGROCHEMISTRY, LLC | D10: A-500001 | E10: CODIORGAN A-50 | F10: 0 | G10: 0 | H10: =ABS(G10-F10) | I10: =IF(F10>0, G10/F10, IF(G10>0, 1.0, 0.0)) | K10: 0 | L10: 0 | M10: 0 | N10: 0 | O10: 1920 | P10: 1920 | Q10: =K10+M10+O10 | R10: =L10+N10+P10 | S10: =R10-Q10
B11: GEORGIA | C11: BORN AGROCHEMISTRY, LLC | D11: A-500005 | E11: CODIORGAN A-50 | F11: 0 | G11: 0 | H11: =ABS(G11-F11) | I11: =IF(F11>0, G11/F11, IF(G11>0, 1.0, 0.0)) | K11: 0 | L11: 0 | M11: 0 | N11: 0 | O11: 1000 | P11: 1000 | Q11: =K11+M11+O11 | R11: =L11+N11+P11 | S11: =R11-Q11
B12: GEORGIA | C12: BORN AGROCHEMISTRY, LLC | D12: AGXK0005 | E12: AGROXILATO-K, 5 L | F12: 0 | G12: 0 | H12: =ABS(G12-F12) | I12: =IF(F12>0, G12/F12, IF(G12>0, 1.0, 0.0)) | K12: 0 | L12: 0 | M12: 0 | N12: 0 | O12: 1000 | P12: 1000 | Q12: =K12+M12+O12 | R12: =L12+N12+P12 | S12: =R12-Q12
B13: GEORGIA | C13: BORN AGROCHEMISTRY, LLC | D13: AN0020 | E13: ALCAPLANT NEW | F13: 0 | G13: 0 | H13: =ABS(G13-F13) | I13: =IF(F13>0, G13/F13, IF(G13>0, 1.0, 0.0)) | K13: 0 | L13: 0 | M13: 0 | N13: 0 | O13: 6000 | P13: 6000 | Q13: =K13+M13+O13 | R13: =L13+N13+P13 | S13: =R13-Q13
B14: GEORGIA | C14: BORN AGROCHEMISTRY, LLC | D14: BIO0020 | E14: BIORAD-20 | F14: 0 | G14: 0 | H14: =ABS(G14-F14) | I14: =IF(F14>0, G14/F14, IF(G14>0, 1.0, 0.0)) | K14: 0 | L14: 0 | M14: 0 | N14: 0 | O14: 30000 | P14: 30000 | Q14: =K14+M14+O14 | R14: =L14+N14+P14 | S14: =R14-Q14
B15: GEORGIA | C15: BORN AGROCHEMISTRY, LLC | D15: C-CU0001 | E15: CODICOBRE | F15: 0 | G15: 0 | H15: =ABS(G15-F15) | I15: =IF(F15>0, G15/F15, IF(G15>0, 1.0, 0.0)) | K15: 0 | L15: 0 | M15: 0 | N15: 0 | O15: 960 | P15: 960 | Q15: =K15+M15+O15 | R15: =L15+N15+P15 | S15: =R15-Q15
B16: GEORGIA | C16: BORN AGROCHEMISTRY, LLC | D16: C-CU0005 | E16: CODICOBRE, 5 L | F16: 0 | G16: 0 | H16: =ABS(G16-F16) | I16: =IF(F16>0, G16/F16, IF(G16>0, 1.0, 0.0)) | K16: 0 | L16: 0 | M16: 0 | N16: 0 | O16: 1000 | P16: 1000 | Q16: =K16+M16+O16 | R16: =L16+N16+P16 | S16: =R16-Q16
B17: GEORGIA | C17: BORN AGROCHEMISTRY, LLC | D17: CM30005 | E17: TENSOLINE, 5 L | F17: 0 | G17: 0 | H17: =ABS(G17-F17) | I17: =IF(F17>0, G17/F17, IF(G17>0, 1.0, 0.0)) | K17: 0 | L17: 0 | M17: 0 | N17: 0 | O17: 1000 | P17: 1000 | Q17: =K17+M17+O17 | R17: =L17+N17+P17 | S17: =R17-Q17
B18: GEORGIA | C18: BORN AGROCHEMISTRY, LLC | D18: CZNMNES0001 | E18: CODIFOL ZN-MN, 1 KG | F18: 0 | G18: 0 | H18: =ABS(G18-F18) | I18: =IF(F18>0, G18/F18, IF(G18>0, 1.0, 0.0)) | K18: 0 | L18: 0 | M18: 0 | N18: 0 | O18: 1000 | P18: 1000 | Q18: =K18+M18+O18 | R18: =L18+N18+P18 | S18: =R18-Q18
B19: GEORGIA | C19: BORN AGROCHEMISTRY, LLC | D19: CZNMNES0005 | E19: CODIFOL ZN-MN | F19: 0 | G19: 0 | H19: =ABS(G19-F19) | I19: =IF(F19>0, G19/F19, IF(G19>0, 1.0, 0.0)) | K19: 0 | L19: 0 | M19: 0 | N19: 0 | O19: 1000 | P19: 1000 | Q19: =K19+M19+O19 | R19: =L19+N19+P19 | S19: =R19-Q19
B20: GEORGIA | C20: BORN AGROCHEMISTRY, LLC | D20: RUN0001 | E20: RUN STRESS | F20: 0 | G20: 0 | H20: =ABS(G20-F20) | I20: =IF(F20>0, G20/F20, IF(G20>0, 1.0, 0.0)) | K20: 0 | L20: 0 | M20: 0 | N20: 0 | O20: 960 | P20: 960 | Q20: =K20+M20+O20 | R20: =L20+N20+P20 | S20: =R20-Q20
B21: GEORGIA | C21: BORN AGROCHEMISTRY, LLC | D21: RUN0005 | E21: RUN STRESS | F21: 0 | G21: 0 | H21: =ABS(G21-F21) | I21: =IF(F21>0, G21/F21, IF(G21>0, 1.0, 0.0)) | K21: 0 | L21: 0 | M21: 0 | N21: 0 | O21: 1000 | P21: 1000 | Q21: =K21+M21+O21 | R21: =L21+N21+P21 | S21: =R21-Q21
... B35: TURQUÍA | C35: ÇITAR ÇIÇEK TARIM TIC. LTD. STI | D35: A-501000 | E35: CODIORGAN-A50, 1000 KG | F35: 0 | G35: 0 | H35: =ABS(G35-F35) | I35: =IF(F35>0, G35/F35, IF(G35>0, 1.0, 0.0)) | K35: 0 | L35: 0 | M35: 0 | N35: 0 | O35: 2000 | P35: 2000 | Q35: =K35+M35+O35 | R35: =L35+N35+P35 | S35: =R35-Q35
B36: TURQUÍA | C36: ÇITAR ÇIÇEK TARIM TIC. LTD. STI | D36: AN0005 | E36: ALCAPLANT NEW | F36: 0 | G36: 2200 | H36: =ABS(G36-F36) | I36: =IF(F36>0, G36/F36, IF(G36>0, 1.0, 0.0)) | J36: Pedido extra no previsto | K36: 0 | L36: 0 | M36: 0 | N36: 0 | O36: 0 | P36: 0 | Q36: =K36+M36+O36 | R36: =L36+N36+P36 | S36: =R36-Q36
B37: ESPAÑA | C37: ÇITAR ÇIÇEK TARIM TIC. LTD. STI | D37: BIO0020 | E37: BIORAD-20, 20 L | F37: 0 | G37: 10060 | H37: =ABS(G37-F37) | I37: =IF(F37>0, G37/F37, IF(G37>0, 1.0, 0.0)) | J37: Pedido extra no previsto | K37: 0 | L37: 0 | M37: 0 | N37: 0 | O37: 0 | P37: 0 | Q37: =K37+M37+O37 | R37: =L37+N37+P37 | S37: =R37-Q37
B38: ESPAÑA | C38: ÇITAR ÇIÇEK TARIM TIC. LTD. STI | D38: BIO1000 | E38: BIORAD-20, 1000 L | F38: 0 | G38: 11000 | H38: =ABS(G38-F38) | I38: =IF(F38>0, G38/F38, IF(G38>0, 1.0, 0.0)) | J38: Pedido extra no previsto | K38: 0 | L38: 0 | M38: 0 | N38: 0 | O38: 0 | P38: 0 | Q38: =K38+M38+O38 | R38: =L38+N38+P38 | S38: =R38-Q38
B39: ESPAÑA | C39: ÇITAR ÇIÇEK TARIM TIC. LTD. STI | D39: C-CU1000 | E39: CODICOBRE, 1000 L | F39: 0 | G39: 1000 | H39: =ABS(G39-F39) | I39: =IF(F39>0, G39/F39, IF(G39>0, 1.0, 0.0)) | J39: Pedido extra no previsto | K39: 0 | L39: 0 | M39: 0 | N39: 0 | O39: 0 | P39: 0 | Q39: =K39+M39+O39 | R39: =L39+N39+P39 | S39: =R39-Q39
B40: TURQUÍA | C40: ÇITAR ÇIÇEK TARIM TIC. LTD. STI | D40: FTK0005 | E40: FITOKONTROL CA FLOW, 5 KG | F40: 10000 | G40: 5500 | H40: =ABS(G40-F40) | I40: =IF(F40>0, G40/F40, IF(G40>0, 1.0, 0.0)) | K40: 0 | L40: 0 | M40: 0 | N40: 0 | O40: 10000 | P40: 10000 | Q40: =K40+M40+O40 | R40: =L40+N40+P40 | S40: =R40-Q40
B41: TURQUÍA | C41: ÇITAR ÇIÇEK TARIM TIC. LTD. STI | D41: FU1000 | E41: FULVIGIN, 1000 L | F41: 0 | G41: 1000 | H41: =ABS(G41-F41) | I41: =IF(F41>0, G41/F41, IF(G41>0, 1.0, 0.0)) | J41: Pedido extra no previsto | K41: 0 | L41: 0 | M41: 0 | N41: 0 | O41: 1000 | P41: 1000 | Q41: =K41+M41+O41 | R41: =L41+N41+P41 | S41: =R41-Q41
B42: TURQUÍA | C42: ÇITAR ÇIÇEK TARIM TIC. LTD. STI | D42: RUN0001 | E42: RUN STRESS, 1 L | F42: 1960 | G42: 1968 | H42: =ABS(G42-F42) | I42: =IF(F42>0, G42/F42, IF(G42>0, 1.0, 0.0)) | K42: 0 | L42: 0 | M42: 0 | N42: 0 | O42: 0 | P42: 0 | Q42: =K42+M42+O42 | R42: =L42+N42+P42 | S42: =R42-Q42
B43: TURQUÍA | C43: ÇİTAR ÇİÇEK TARIM TIC. LTD. STI | D43: AN0005 | E43: ALCAPLANT NEW, 5 KG | F43: 5500 | G43: 0 | H43: =ABS(G43-F43) | I43: =IF(F43>0, G43/F43, IF(G43>0, 1.0, 0.0)) | K43: 0 | L43: 0 | M43: 0 | N43: 0 | O43: 15000 | P43: 15000 | Q43: =K43+M43+O43 | R43: =L43+N43+P43 | S43: =R43-Q43
B44: TURQUÍA | C44: ÇİTAR ÇİÇEK TARIM TIC. LTD. STI | D44: BIO0020 | E44: BIORAD-20, 20 L | F44: 10000 | G44: 0 | H44: =ABS(G44-F44) | I44: =IF(F44>0, G44/F44, IF(G44>0, 1.0, 0.0)) | K44: 0 | L44: 0 | M44: 0 | N44: 0 | O44: 0 | P44: 0 | Q44: =K44+M44+O44 | R44: =L44+N44+P44 | S44: =R44-Q44
B45: TURQUÍA | C45: ÇİTAR ÇİÇEK TARIM TIC. LTD. STI | D45: BIO1000 | E45: BIORAD-20, 1000 L | F45: 10000 | G45: 0 | H45: =ABS(G45-F45) | I45: =IF(F45>0, G45/F45, IF(G45>0, 1.0, 0.0)) | K45: 0 | L45: 0 | M45: 0 | N45: 0 | O45: 0 | P45: 0 | Q45: =K45+M45+O45 | R45: =L45+N45+P45 | S45: =R45-Q45
B46: TURQUÍA | C46: ÇİTAR ÇİÇEK TARIM TIC. LTD. STI | D46: C-CU1000 | E46: CODICOBRE, 1000 L | F46: 2000 | G46: 0 | H46: =ABS(G46-F46) | I46: =IF(F46>0, G46/F46, IF(G46>0, 1.0, 0.0)) | K46: 0 | L46: 0 | M46: 0 | N46: 0 | O46: 0 | P46: 0 | Q46: =K46+M46+O46 | R46: =L46+N46+P46 | S46: =R46-Q46
B47: TURQUÍA | C47: ÇİTAR ÇİÇEK TARIM TIC. LTD. STI | D47: CZNMNES1000 | E47: CODIFOL ZN-MN, 1000 KG | F47: 0 | G47: 0 | H47: =ABS(G47-F47) | I47: =IF(F47>0, G47/F47, IF(G47>0, 1.0, 0.0)) | K47: 0 | L47: 0 | M47: 0 | N47: 0 | O47: 2000 | P47: 2000 | Q47: =K47+M47+O47 | R47: =L47+N47+P47 | S47: =R47-Q47
B48: TOTAL CONSOLIDADO - MEHMET (UNIDADES) | F48: =SUM(F10:F47) | G48: =SUM(G10:G47) | H48: =SUM(H10:H47) | I48: =IF(F48>0, G48/F48, 1.0) | K48: =SUM(K10:K47) | L48: =SUM(L10:L47) | M48: =SUM(M10:M47) | N48: =SUM(N10:N47) | O48: =SUM(O10:O47) | P48: =SUM(P10:P47) | Q48: =SUM(Q10:Q47) | R48: =SUM(R10:R47) | S48: =SUM(S10:S47)

Sheet Pedro
B2: CODIAGRO · ACTUALIZACIÓN DE PREVISIONES COMERCIALES Q4 2026 (OCTUBRE - DICIEMBRE)
B3: DELEGADO COMERCIAL: PEDRO | Cierre Septiembre Oficial (01/10/2026) vs Previsiones a Final de Año | Generado: 01/10/2026 14:17
B4: 📌 INSTRUCCIONES: 1) Revise el bloque de SEPTIEMBRE (Previsto, Real, Desviación en Valor Absoluto y % Consecución) e indique en col. J el motivo de la desviación (adelanto, atraso, extra). 2) En las columnas verdes (L, N, P), revise y actualice las cantidades estimadas de Octubre, Noviembre y Diciembre si prevé cambios. 3) Comente en col. T cualquier nota de campaña.
B5: PREVISTO SEP 2026 (U) | E5: REAL PEDIDOS SEP 2026 (U) | H5: % CONSECUCIÓN SEP | K5: PREVISIÓN INICIAL Q4 (U) | N5: PREVISIÓN REVISADA Q4 (U) | Q5: VARIACIÓN NETA Q4 (U)
B6: =F52 | E6: =G52 | H6: =I52 | K6: =Q52 | N6: =R52 | Q6: =S52
B8: DATOS CLIENTE Y ARTÍCULO | F8: CIERRE SEPTIEMBRE 2026 (CALIBRACIÓN Y ANÁLISIS) | K8: REVISIÓN PREVISIONES MES A MES (HASTA FINAL DE AÑO 2026) | Q8: IMPACTO Q4 Y JUSTIFICACIÓN
B9: País | C9: Cliente | D9: Cód. SKU | E9: Descripción Artículo | F9: Sep Previsto (u) | G9: Sep Real (u) | H9: Desv. Sep (u) | I9: % Consec. | J9: Comentario Sep (¿Adelanto/Atraso/Extra?) | K9: Oct Anterior (u) | L9: Oct Revisado (u) | M9: Nov Anterior (u) | N9: Nov Revisado (u) | O9: Dic Anterior (u) | P9: Dic Revisado (u) | Q9: Total Q4 Ant (u) | R9: Total Q4 Rev (u) | S9: Dif Q4 (u) | T9: Comentarios / Justificación Q4
B10: ESPAÑA | C10: ASESORAMIENTO TECNICO DE CULTIVOS, S.L. | D10: AGXK0020 | E10: AGROXILATO-K, 20 L | F10: 640 | G10: 0 | H10: =ABS(G10-F10) | I10: =IF(F10>0, G10/F10, IF(G10>0, 1.0, 0.0)) | K10: 640 | L10: 640 | M10: 0 | N10: 0 | O10: 0 | P10: 0 | Q10: =K10+M10+O10 | R10: =L10+N10+P10 | S10: =R10-Q10
B11: ESPAÑA | C11: ASESORAMIENTO TECNICO DE CULTIVOS, S.L. | D11: B0005 | E11: BOROCAL, 5 L | F11: 300 | G11: 0 | H11: =ABS(G11-F11) | I11: =IF(F11>0, G11/F11, IF(G11>0, 1.0, 0.0)) | K11: 0 | L11: 0 | M11: 0 | N11: 0 | O11: 0 | P11: 0 | Q11: =K11+M11+O11 | R11: =L11+N11+P11 | S11: =R11-Q11
B12: ESPAÑA | C12: ASESORAMIENTO TECNICO DE CULTIVOS, S.L. | D12: B0020 | E12: BOROCAL, 20 L | F12: 1280 | G12: 0 | H12: =ABS(G12-F12) | I12: =IF(F12>0, G12/F12, IF(G12>0, 1.0, 0.0)) | K12: 640 | L12: 640 | M12: 640 | N12: 640 | O12: 0 | P12: 0 | Q12: =K12+M12+O12 | R12: =L12+N12+P12 | S12: =R12-Q12
B13: ESPAÑA | C13: ASESORAMIENTO TECNICO DE CULTIVOS, S.L. | D13: C-CU0020 | E13: CODICOBRE, 20 L | F13: 1280 | G13: 0 | H13: =ABS(G13-F13) | I13: =IF(F13>0, G13/F13, IF(G13>0, 1.0, 0.0)) | K13: 640 | L13: 640 | M13: 1280 | N13: 1280 | O13: 0 | P13: 0 | Q13: =K13+M13+O13 | R13: =L13+N13+P13 | S13: =R13-Q13
B14: ESPAÑA | C14: ASESORAMIENTO TECNICO DE CULTIVOS, S.L. | D14: CBASI0005 | E14: BIOCULTURE BASI, 5 KG | F14: 0 | G14: 0 | H14: =ABS(G14-F14) | I14: =IF(F14>0, G14/F14, IF(G14>0, 1.0, 0.0)) | K14: 500 | L14: 500 | M14: 0 | N14: 0 | O14: 0 | P14: 0 | Q14: =K14+M14+O14 | R14: =L14+N14+P14 | S14: =R14-Q14
B15: ESPAÑA | C15: ASESORAMIENTO TECNICO DE CULTIVOS, S.L. | D15: PT0020 | E15: AGROPOTASION, 20 L | F15: 2560 | G15: 1920 | H15: =ABS(G15-F15) | I15: =IF(F15>0, G15/F15, IF(G15>0, 1.0, 0.0)) | K15: 1920 | L15: 1920 | M15: 1920 | N15: 1920 | O15: 0 | P15: 0 | Q15: =K15+M15+O15 | R15: =L15+N15+P15 | S15: =R15-Q15
B16: ESPAÑA | C16: COMERCIAL TÉCNICA FITOCARTHAGO, S.L. | D16: AGXK0200 | E16: AGROXILATO-K, 200 L | F16: 400 | G16: 0 | H16: =ABS(G16-F16) | I16: =IF(F16>0, G16/F16, IF(G16>0, 1.0, 0.0)) | K16: 800 | L16: 800 | M16: 0 | N16: 0 | O16: 0 | P16: 0 | Q16: =K16+M16+O16 | R16: =L16+N16+P16 | S16: =R16-Q16
B17: ESPAÑA | C17: COMERCIAL TÉCNICA FITOCARTHAGO, S.L. | D17: AGXK1000 | E17: AGROXILATO-K, 1000 L | F17: 2000 | G17: 0 | H17: =ABS(G17-F17) | I17: =IF(F17>0, G17/F17, IF(G17>0, 1.0, 0.0)) | K17: 3000 | L17: 3000 | M17: 1000 | N17: 1000 | O17: 0 | P17: 0 | Q17: =K17+M17+O17 | R17: =L17+N17+P17 | S17: =R17-Q17
B18: ESPAÑA | C18: COMERCIAL TÉCNICA FITOCARTHAGO, S.L. | D18: AN0020 | E18: ALCAPLANT NEW, 20 KG | F18: 2200 | G18: 2200 | H18: =ABS(G18-F18) | I18: =IF(F18>0, G18/F18, IF(G18>0, 1.0, 0.0)) | K18: 6500 | L18: 6500 | M18: 6500 | N18: 6500 | O18: 0 | P18: 0 | Q18: =K18+M18+O18 | R18: =L18+N18+P18 | S18: =R18-Q18
B19: ESPAÑA | C19: COMERCIAL TÉCNICA FITOCARTHAGO, S.L. | D19: ANAE0020 | E19: ALCAPLANT NEW AE, 20 KG | F19: 0 | G19: 0 | H19: =ABS(G19-F19) | I19: =IF(F19>0, G19/F19, IF(G19>0, 1.0, 0.0)) | K19: 2200 | L19: 2200 | M19: 2200 | N19: 2200 | O19: 0 | P19: 0 | Q19: =K19+M19+O19 | R19: =L19+N19+P19 | S19: =R19-Q19
B20: ESPAÑA | C20: COMERCIAL TÉCNICA FITOCARTHAGO, S.L. | D20: AQUOM0020 | E20: AQUOM, 20 L | F20: 0 | G20: 200 | H20: =ABS(G20-F20) | I20: =IF(F20>0, G20/F20, IF(G20>0, 1.0, 0.0)) | J20: Pedido extra no previsto | K20: 100 | L20: 100 | M20: 100 | N20: 100 | O20: 0 | P20: 0 | Q20: =K20+M20+O20 | R20: =L20+N20+P20 | S20: =R20-Q20
B21: ESPAÑA | C21: COMERCIAL TÉCNICA FITOCARTHAGO, S.L. | D21: C-CU0020 | E21: CODICOBRE, 20 L | F21: 0 | G21: 0 | H21: =ABS(G21-F21) | I21: =IF(F21>0, G21/F21, IF(G21>0, 1.0, 0.0)) | K21: 200 | L21: 200 | M21: 200 | N21: 200 | O21: 0 | P21: 0 | Q21: =K21+M21+O21 | R21: =L21+N21+P21 | S21: =R21-Q21
B22: ESPAÑA | C22: COMERCIAL TÉCNICA FITOCARTHAGO, S.L. | D22: FROST-P0020 | E22: CODIFROST PLUS, 20 L | F22: 0 | G22: 0 | H22: =ABS(G22-F22) | I22: =IF(F22>0, G22/F22, IF(G22>0, 1.0, 0.0)) | K22: 0 | L22: 0 | M22: 100 | N22: 100 | O22: 0 | P22: 0 | Q22: =K22+M22+O22 | R22: =L22+N22+P22 | S22: =R22-Q22
B23: ESPAÑA | C23: COMERCIAL TÉCNICA FITOCARTHAGO, S.L. | D23: N0200 | E23: NUTRICALE, 200 L | F23: 0 | G23: 200 | H23: =ABS(G23-F23) | I23: =IF(F23>0, G23/F23, IF(G23>0, 1.0, 0.0)) | J23: Pedido extra no previsto | K23: 0 | L23: 0 | M23: 0 | N23: 0 | O23: 0 | P23: 0 | Q23: =K23+M23+O23 | R23: =L23+N23+P23 | S23: =R23-Q23
B24: ESPAÑA | C24: COMERCIAL TÉCNICA FITOCARTHAGO, S.L. | D24: PT0020 | E24: AGROPOTASION, 20 L | F24: 0 | G24: 0 | H24: =ABS(G24-F24) | I24: =IF(F24>0, G24/F24, IF(G24>0, 1.0, 0.0)) | K24: 640 | L24: 640 | M24: 640 | N24: 640 | O24: 0 | P24: 0 | Q24: =K24+M24+O24 | R24: =L24+N24+P24 | S24: =R24-Q24
B25: ESPAÑA | C25: COMERCIAL TÉCNICA FITOCARTHAGO, S.L. | D25: PT0200 | E25: AGROPOTASION, 200 L | F25: 0 | G25: 600 | H25: =ABS(G25-F25) | I25: =IF(F25>0, G25/F25, IF(G25>0, 1.0, 0.0)) | J25: Pedido extra no previsto | K25: 0 | L25: 0 | M25: 0 | N25: 0 | O25: 0 | P25: 0 | Q25: =K25+M25+O25 | R25: =L25+N25+P25 | S25: =R25-Q25
B26: ESPAÑA | C26: COMERCIAL TÉCNICA FITOCARTHAGO, S.L. | D26: PT1000 | E26: AGROPOTASION, 1000 L | F26: 0 | G26: 1000 | H26: =ABS(G26-F26) | I26: =IF(F26>0, G26/F26, IF(G26>0, 1.0, 0.0)) | J26: Pedido extra no previsto | K26: 0 | L26: 0 | M26: 0 | N26: 0 | O26: 0 | P26: 0 | Q26: =K26+M26+O26 | R26: =L26+N26+P26 | S26: =R26-Q26
B27: ESPAÑA | C27: COMERCIAL TÉCNICA FITOCARTHAGO, S.L. | D27: S0020 | E27: SAL-WAX STAR, 20 L | F27: 640 | G27: 640 | H27: =ABS(G27-F27) | I27: =IF(F27>0, G27/F27, IF(G27>0, 1.0, 0.0)) | K27: 1280 | L27: 1280 | M27: 1280 | N27: 1280 | O27: 0 | P27: 0 | Q27: =K27+M27+O27 | R27: =L27+N27+P27 | S27: =R27-Q27
B28: ESPAÑA | C28: COMERCIAL TÉCNICA FITOCARTHAGO, S.L. | D28: S0200 | E28: SAL-WAX STAR, 200 L | F28: 400 | G28: 0 | H28: =ABS(G28-F28) | I28: =IF(F28>0, G28/F28, IF(G28>0, 1.0, 0.0)) | K28: 1600 | L28: 1600 | M28: 1600 | N28: 1600 | O28: 0 | P28: 0 | Q28: =K28+M28+O28 | R28: =L28+N28+P28 | S28: =R28-Q28
B29: ESPAÑA | C29: COMERCIAL TÉCNICA FITOCARTHAGO, S.L. | D29: S1000 | E29: SAL-WAX STAR, 1000 L | F29: 5000 | G29: 0 | H29: =ABS(G29-F29) | I29: =IF(F29>0, G29/F29, IF(G29>0, 1.0, 0.0)) | K29: 5000 | L29: 5000 | M29: 4000 | N29: 4000 | O29: 0 | P29: 0 | Q29: =K29+M29+O29 | R29: =L29+N29+P29 | S29: =R29-Q29
B30: ESPAÑA | C30: COMERCIAL TÉCNICA FITOCARTHAGO, S.L. | D30: SPCE2B0020 | E30: SPRINTENE CON BORO, 20 L | F30: 640 | G30: 0 | H30: =ABS(G30-F30) | I30: =IF(F30>0, G30/F30, IF(G30>0, 1.0, 0.0)) | K30: 1280 | L30: 1280 | M30: 0 | N30: 0 | O30: 0 | P30: 0 | Q30: =K30+M30+O30 | R30: =L30+N30+P30 | S30: =R30-Q30
B31: ESPAÑA | C31: COMERCIAL TÉCNICA FITOCARTHAGO, S.L. | D31: SS0020 | E31: SAL-WAX-Ca sólido, 20 KG | F31: 0 | G31: 400 | H31: =ABS(G31-F31) | I31: =IF(F31>0, G31/F31, IF(G31>0, 1.0, 0.0)) | J31: Pedido extra no previsto | K31: 2800 | L31: 2800 | M31: 2400 | N31: 2400 | O31: 0 | P31: 0 | Q31: =K31+M31+O31 | R31: =L31+N31+P31 | S31: =R31-Q31
B32: ESPAÑA | C32: FITOMURCIA S.L. | D32: A-50(2)0005 | E32: CODIORGAN A-50, 5 KG | F32: 0 | G32: 0 | H32: =ABS(G32-F32) | I32: =IF(F32>0, G32/F32, IF(G32>0, 1.0, 0.0)) | K32: 0 | L32: 0 | M32: 500 | N32: 500 | O32: 0 | P32: 0 | Q32: =K32+M32+O32 | R32: =L32+N32+P32 | S32: =R32-Q32
B33: ESPAÑA | C33: FITOMURCIA S.L. | D33: AGXKC0020 | E33: AGROXILATO-COMPLET, 20 L | F33: 0 | G33: 0 | H33: =ABS(G33-F33) | I33: =IF(F33>0, G33/F33, IF(G33>0, 1.0, 0.0)) | K33: 0 | L33: 0 | M33: 1280 | N33: 1280 | O33: 0 | P33: 0 | Q33: =K33+M33+O33 | R33: =L33+N33+P33 | S33: =R33-Q33
B34: ESPAÑA | C34: FITOMURCIA S.L. | D34: AGXKC1000 | E34: AGROXILATO-COMPLET, 1000 L | F34: 0 | G34: 0 | H34: =ABS(G34-F34) | I34: =IF(F34>0, G34/F34, IF(G34>0, 1.0, 0.0)) | K34: 0 | L34: 0 | M34: 5000 | N34: 5000 | O34: 0 | P34: 0 | Q34: =K34+M34+O34 | R34: =L34+N34+P34 | S34: =R34-Q34
B35: ESPAÑA | C35: FITOMURCIA S.L. | D35: AGZNP0005 | E35: AGROXILATO-ZN PLUS, 5 KG | F35: 0 | G35: 200 | H35: =ABS(G35-F35) | I35: =IF(F35>0, G35/F35, IF(G35>0, 1.0, 0.0)) | J35: Pedido extra no previsto | K35: 0 | L35: 0 | M35: 0 | N35: 0 | O35: 0 | P35: 0 | Q35: =K35+M35+O35 | R35: =L35+N35+P35 | S35: =R35-Q35
B36: ESPAÑA | C36: FITOMURCIA S.L. | D36: AN0020 | E36: ALCAPLANT NEW, 20 KG | F36: 0 | G36: 0 | H36: =ABS(G36-F36) | I36: =IF(F36>0, G36/F36, IF(G36>0, 1.0, 0.0)) | K36: 0 | L36: 0 | M36: 3300 | N36: 3300 | O36: 0 | P36: 0 | Q36: =K36+M36+O36 | R36: =L36+N36+P36 | S36: =R36-Q36
B37: ESPAÑA | C37: FITOMURCIA S.L. | D37: B0020 | E37: BOROCAL, 20 L | F37: 0 | G37: 0 | H37: =ABS(G37-F37) | I37: =IF(F37>0, G37/F37, IF(G37>0, 1.0, 0.0)) | K37: 0 | L37: 0 | M37: 1280 | N37: 1280 | O37: 0 | P37: 0 | Q37: =K37+M37+O37 | R37: =L37+N37+P37 | S37: =R37-Q37
B38: ESPAÑA | C38: FITOMURCIA S.L. | D38: BIO0020 | E38: BIORAD-20, 20 L | F38: 0 | G38: 0 | H38: =ABS(G38-F38) | I38: =IF(F38>0, G38/F38, IF(G38>0, 1.0, 0.0)) | K38: 0 | L38: 0 | M38: 1280 | N38: 1280 | O38: 0 | P38: 0 | Q38: =K38+M38+O38 | R38: =L38+N38+P38 | S38: =R38-Q38
B39: ESPAÑA | C39: FITOMURCIA S.L. | D39: BIO1000 | E39: BIORAD-20, 1000 L | F39: 0 | G39: 0 | H39: =ABS(G39-F39) | I39: =IF(F39>0, G39/F39, IF(G39>0, 1.0, 0.0)) | K39: 0 | L39: 0 | M39: 4000 | N39: 4000 | O39: 0 | P39: 0 | Q39: =K39+M39+O39 | R39: =L39+N39+P39 | S39: =R39-Q39
B40: ESPAÑA | C40: FITOMURCIA S.L. | D40: C-L0020 | E40: CODIBOR-L, 20 L | F40: 0 | G40: 320 | H40: =ABS(G40-F40) | I40: =IF(F40>0, G40/F40, IF(G40>0, 1.0, 0.0)) | J40: Pedido extra no previsto | K40: 0 | L40: 0 | M40: 0 | N40: 0 | O40: 0 | P40: 0 | Q40: =K40+M40+O40 | R40: =L40+N40+P40 | S40: =R40-Q40
B41: ESPAÑA | C41: FITOMURCIA S.L. | D41: C-MB0005 | E41: CODIFOL-MB, 5 L | F41: 0 | G41: 60 | H41: =ABS(G41-F41) | I41: =IF(F41>0, G41/F41, IF(G41>0, 1.0, 0.0)) | J41: Pedido extra no previsto | K41: 0 | L41: 0 | M41: 0 | N41: 0 | O41: 0 | P41: 0 | Q41: =K41+M41+O41 | R41: =L41+N41+P41 | S41: =R41-Q41
B42: ESPAÑA | C42: FITOMURCIA S.L. | D42: C-MB0020 | E42: CODIFOL-MB, 20 L | F42: 0 | G42: 320 | H42: =ABS(G42-F42) | I42: =IF(F42>0, G42/F42, IF(G42>0, 1.0, 0.0)) | J42: Pedido extra no previsto | K42: 0 | L42: 0 | M42: 0 | N42: 0 | O42: 0 | P42: 0 | Q42: =K42+M42+O42 | R42: =L42+N42+P42 | S42: =R42-Q42
B43: ESPAÑA | C43: FITOMURCIA S.L. | D43: FROST-P0020 | E43: CODIFROST PLUS, 20 L | F43: 0 | G43: 0 | H43: =ABS(G43-F43) | I43: =IF(F43>0, G43/F43, IF(G43>0, 1.0, 0.0)) | K43: 0 | L43: 0 | M43: 1280 | N43: 1280 | O43: 0 | P43: 0 | Q43: =K43+M43+O43 | R43: =L43+N43+P43 | S43: =R43-Q43
B44: ESPAÑA | C44: FITOMURCIA S.L. | D44: G30020 | E44: GREEN-UP, 20 L | F44: 0 | G44: 0 | H44: =ABS(G44-F44) | I44: =IF(F44>0, G44/F44, IF(G44>0, 1.0, 0.0)) | K44: 1280 | L44: 1280 | M44: 1280 | N44: 1280 | O44: 0 | P44: 0 | Q44: =K44+M44+O44 | R44: =L44+N44+P44 | S44: =R44-Q44
B45: ESPAÑA | C45: FITOMURCIA S.L. | D45: HST0020 | E45: HIDROSTRESS, 20 L | F45: 0 | G45: 0 | H45: =ABS(G45-F45) | I45: =IF(F45>0, G45/F45, IF(G45>0, 1.0, 0.0)) | K45: 1280 | L45: 1280 | M45: 1280 | N45: 1280 | O45: 0 | P45: 0 | Q45: =K45+M45+O45 | R45: =L45+N45+P45 | S45: =R45-Q45
B46: ESPAÑA | C46: FITOMURCIA S.L. | D46: N0020 | E46: NUTRICALE, 20 L | F46: 0 | G46: 0 | H46: =ABS(G46-F46) | I46: =IF(F46>0, G46/F46, IF(G46>0, 1.0, 0.0)) | K46: 1280 | L46: 1280 | M46: 1280 | N46: 1280 | O46: 0 | P46: 0 | Q46: =K46+M46+O46 | R46: =L46+N46+P46 | S46: =R46-Q46
B47: ESPAÑA | C47: FITOMURCIA S.L. | D47: PT0020 | E47: AGROPOTASION, 20 L | F47: 0 | G47: 0 | H47: =ABS(G47-F47) | I47: =IF(F47>0, G47/F47, IF(G47>0, 1.0, 0.0)) | K47: 1280 | L47: 1280 | M47: 1280 | N47: 1280 | O47: 0 | P47: 0 | Q47: =K47+M47+O47 | R47: =L47+N47+P47 | S47: =R47-Q47
B48: ESPAÑA | C48: FITOMURCIA S.L. | D48: S1000 | E48: SAL-WAX STAR, 1000 L | F48: 0 | G48: 0 | H48: =ABS(G48-F48) | I48: =IF(F48>0, G48/F48, IF(G48>0, 1.0, 0.0)) | K48: 9000 | L48: 9000 | M48: 9000 | N48: 9000 | O48: 0 | P48: 0 | Q48: =K48+M48+O48 | R48: =L48+N48+P48 | S48: =R48-Q48
B49: ESPAÑA | C49: FITOMURCIA S.L. | D49: SPCE2B0020 | E49: SPRINTENE CON BORO, 20 L | F49: 0 | G49: 200 | H49: =ABS(G49-F49) | I49: =IF(F49>0, G49/F49, IF(G49>0, 1.0, 0.0)) | J49: Pedido extra no previsto | K49: 0 | L49: 0 | M49: 0 | N49: 0 | O49: 0 | P49: 0 | Q49: =K49+M49+O49 | R49: =L49+N49+P49 | S49: =R49-Q49
B50: ESPAÑA | C50: FITOMURCIA S.L. | D50: SS0005 | E50: SAL-WAX-Ca sólido, 5 KG | F50: 0 | G50: 300 | H50: =ABS(G50-F50) | I50: =IF(F50>0, G50/F50, IF(G50>0, 1.0, 0.0)) | J50: Pedido extra no previsto | K50: 0 | L50: 0 | M50: 0 | N50: 0 | O50: 0 | P50: 0 | Q50: =K50+M50+O50 | R50: =L50+N50+P50 | S50: =R50-Q50
B51: ESPAÑA | C51: FITOMURCIA S.L. | D51: SS0020 | E51: SAL-WAX-Ca sólido, 20 KG | F51: 0 | G51: 0 | H51: =ABS(G51-F51) | I51: =IF(F51>0, G51/F51, IF(G51>0, 1.0, 0.0)) | K51: 800 | L51: 800 | M51: 800 | N51: 800 | O51: 0 | P51: 0 | Q51: =K51+M51+O51 | R51: =L51+N51+P51 | S51: =R51-Q51
B52: TOTAL CONSOLIDADO - PEDRO (UNIDADES) | F52: =SUM(F10:F51) | G52: =SUM(G10:G51) | H52: =SUM(H10:H51) | I52: =IF(F52>0, G52/F52, 1.0) | K52: =SUM(K10:K51) | L52: =SUM(L10:L51) | M52: =SUM(M10:M51) | N52: =SUM(N10:N51) | O52: =SUM(O10:O51) | P52: =SUM(P10:P51) | Q52: =SUM(Q10:Q51) | R52: =SUM(R10:R51) | S52: =SUM(S10:S51)

Sheet Ricardo
B2: CODIAGRO · ACTUALIZACIÓN DE PREVISIONES COMERCIALES Q4 2026 (OCTUBRE - DICIEMBRE)
B3: DELEGADO COMERCIAL: RICARDO | Cierre Septiembre Oficial (01/10/2026) vs Previsiones a Final de Año | Generado: 01/10/2026 14:17
B4: 📌 INSTRUCCIONES: 1) Revise el bloque de SEPTIEMBRE (Previsto, Real, Desviación en Valor Absoluto y % Consecución) e indique en col. J el motivo de la desviación (adelanto, atraso, extra). 2) En las columnas verdes (L, N, P), revise y actualice las cantidades estimadas de Octubre, Noviembre y Diciembre si prevé cambios. 3) Comente en col. T cualquier nota de campaña.
B5: PREVISTO SEP 2026 (U) | E5: REAL PEDIDOS SEP 2026 (U) | H5: % CONSECUCIÓN SEP | K5: PREVISIÓN INICIAL Q4 (U) | N5: PREVISIÓN REVISADA Q4 (U) | Q5: VARIACIÓN NETA Q4 (U)
B6: =F111 | E6: =G111 | H6: =I111 | K6: =Q111 | N6: =R111 | Q6: =S111
B8: DATOS CLIENTE Y ARTÍCULO | F8: CIERRE SEPTIEMBRE 2026 (CALIBRACIÓN Y ANÁLISIS) | K8: REVISIÓN PREVISIONES MES A MES (HASTA FINAL DE AÑO 2026) | Q8: IMPACTO Q4 Y JUSTIFICACIÓN
B9: País | C9: Cliente | D9: Cód. SKU | E9: Descripción Artículo | F9: Sep Previsto (u) | G9: Sep Real (u) | H9: Desv. Sep (u) | I9: % Consec. | J9: Comentario Sep (¿Adelanto/Atraso/Extra?) | K9: Oct Anterior (u) | L9: Oct Revisado (u) | M9: Nov Anterior (u) | N9: Nov Revisado (u) | O9: Dic Anterior (u) | P9: Dic Revisado (u) | Q9: Total Q4 Ant (u) | R9: Total Q4 Rev (u) | S9: Dif Q4 (u) | T9: Comentarios / Justificación Q4
B10: ITALIA | C10: AIFAR S.P.A | D10: AN0005 | E10: ALCAPLANT NEW, 5 KG | F10: 0 | G10: 0 | H10: =ABS(G10-F10) | I10: =IF(F10>0, G10/F10, IF(G10>0, 1.0, 0.0)) | K10: 200 | L10: 200 | M10: 0 | N10: 0 | O10: 0 | P10: 0 | Q10: =K10+M10+O10 | R10: =L10+N10+P10 | S10: =R10-Q10
B11: ITALIA | C11: AIFAR S.P.A | D11: FIORI1000 | E11: RADIFIORI, 1000 L | F11: 0 | G11: 3000 | H11: =ABS(G11-F11) | I11: =IF(F11>0, G11/F11, IF(G11>0, 1.0, 0.0)) | J11: Pedido extra no previsto | K11: 3000 | L11: 3000 | M11: 0 | N11: 0 | O11: 3000 | P11: 3000 | Q11: =K11+M11+O11 | R11: =L11+N11+P11 | S11: =R11-Q11
B12: CHILE | C12: BAYER, S.A. | D12: W330020 | E12: BAYFOLAN SUN, 20 KG | F12: 0 | G12: 0 | H12: =ABS(G12-F12) | I12: =IF(F12>0, G12/F12, IF(G12>0, 1.0, 0.0)) | K12: 0 | L12: 0 | M12: 0 | N12: 0 | O12: 220000 | P12: 220000 | Q12: =K12+M12+O12 | R12: =L12+N12+P12 | S12: =R12-Q12
B13: COLOMBIA | C13: CAMPO ABIERTO, S.A.S. | D13: AGXCR0001 | E13: AGROXILATO-K | F13: 0 | G13: 840 | H13: =ABS(G13-F13) | I13: =IF(F13>0, G13/F13, IF(G13>0, 1.0, 0.0)) | J13: Pedido extra no previsto | K13: 0 | L13: 0 | M13: 600 | N13: 600 | O13: 0 | P13: 0 | Q13: =K13+M13+O13 | R13: =L13+N13+P13 | S13: =R13-Q13
B14: COLOMBIA | C14: CAMPO ABIERTO, S.A.S. | D14: AGXCR0005 | E14: AGROXILATO-K | F14: 0 | G14: 0 | H14: =ABS(G14-F14) | I14: =IF(F14>0, G14/F14, IF(G14>0, 1.0, 0.0)) | K14: 0 | L14: 0 | M14: 1000 | N14: 1000 | O14: 0 | P14: 0 | Q14: =K14+M14+O14 | R14: =L14+N14+P14 | S14: =R14-Q14
B15: COLOMBIA | C15: CAMPO ABIERTO, S.A.S. | D15: AGXCR0020 | E15: AGROXILATO-K | F15: 0 | G15: 2000 | H15: =ABS(G15-F15) | I15: =IF(F15>0, G15/F15, IF(G15>0, 1.0, 0.0)) | J15: Pedido extra no previsto | K15: 0 | L15: 0 | M15: 800 | N15: 800 | O15: 0 | P15: 0 | Q15: =K15+M15+O15 | R15: =L15+N15+P15 | S15: =R15-Q15
B16: COLOMBIA | C16: CAMPO ABIERTO, S.A.S. | D16: AN0005 | E16: ALCAPLANT NEW | F16: 0 | G16: 0 | H16: =ABS(G16-F16) | I16: =IF(F16>0, G16/F16, IF(G16>0, 1.0, 0.0)) | K16: 0 | L16: 0 | M16: 15400 | N16: 15400 | O16: 0 | P16: 0 | Q16: =K16+M16+O16 | R16: =L16+N16+P16 | S16: =R16-Q16
B17: COLOMBIA | C17: CAMPO ABIERTO, S.A.S. | D17: AN0020 | E17: ALCAPLANT NEW | F17: 0 | G17: 4000 | H17: =ABS(G17-F17) | I17: =IF(F17>0, G17/F17, IF(G17>0, 1.0, 0.0)) | J17: Pedido extra no previsto | K17: 0 | L17: 0 | M17: 7000 | N17: 7000 | O17: 0 | P17: 0 | Q17: =K17+M17+O17 | R17: =L17+N17+P17 | S17: =R17-Q17
B18: COLOMBIA | C18: CAMPO ABIERTO, S.A.S. | D18: BPLUS0001 | E18: BOROCAL PLUS, 1 KG | F18: 0 | G18: 0 | H18: =ABS(G18-F18) | I18: =IF(F18>0, G18/F18, IF(G18>0, 1.0, 0.0)) | K18: 0 | L18: 0 | M18: 320 | N18: 320 | O18: 0 | P18: 0 | Q18: =K18+M18+O18 | R18: =L18+N18+P18 | S18: =R18-Q18
B19: COLOMBIA | C19: CAMPO ABIERTO, S.A.S. | D19: BR-590005 | E19: BR-59 | F19: 0 | G19: 0 | H19: =ABS(G19-F19) | I19: =IF(F19>0, G19/F19, IF(G19>0, 1.0, 0.0)) | K19: 0 | L19: 0 | M19: 300 | N19: 300 | O19: 0 | P19: 0 | Q19: =K19+M19+O19 | R19: =L19+N19+P19 | S19: =R19-Q19
B20: COLOMBIA | C20: CAMPO ABIERTO, S.A.S. | D20: F-A0001 | E20: FITOLIN-AGRO, 1 L | F20: 0 | G20: 0 | H20: =ABS(G20-F20) | I20: =IF(F20>0, G20/F20, IF(G20>0, 1.0, 0.0)) | K20: 0 | L20: 0 | M20: 240 | N20: 240 | O20: 0 | P20: 0 | Q20: =K20+M20+O20 | R20: =L20+N20+P20 | S20: =R20-Q20
B21: COLOMBIA | C21: CAMPO ABIERTO, S.A.S. | D21: F-A0005 | E21: FITOLIN-AGRO, 5 L | F21: 0 | G21: 0 | H21: =ABS(G21-F21) | I21: =IF(F21>0, G21/F21, IF(G21>0, 1.0, 0.0)) | K21: 0 | L21: 0 | M21: 200 | N21: 200 | O21: 0 | P21: 0 | Q21: =K21+M21+O21 | R21: =L21+N21+P21 | S21: =R21-Q21
B22: COLOMBIA | C22: CAMPO ABIERTO, S.A.S. | D22: FLORCR0001 | E22: FLORAMEC CR, 1 L | F22: 0 | G22: 0 | H22: =ABS(G22-F22) | I22: =IF(F22>0, G22/F22, IF(G22>0, 1.0, 0.0)) | K22: 0 | L22: 0 | M22: 200 | N22: 200 | O22: 0 | P22: 0 | Q22: =K22+M22+O22 | R22: =L22+N22+P22 | S22: =R22-Q22
B23: COLOMBIA | C23: CAMPO ABIERTO, S.A.S. | D23: FLORCR0005 | E23: FLORAMEC | F23: 0 | G23: 0 | H23: =ABS(G23-F23) | I23: =IF(F23>0, G23/F23, IF(G23>0, 1.0, 0.0)) | K23: 0 | L23: 0 | M23: 200 | N23: 200 | O23: 0 | P23: 0 | Q23: =K23+M23+O23 | R23: =L23+N23+P23 | S23: =R23-Q23
B24: COLOMBIA | C24: CAMPO ABIERTO, S.A.S. | D24: G30001 | E24: GREEN-UP, 1 L | F24: 0 | G24: 240 | H24: =ABS(G24-F24) | I24: =IF(F24>0, G24/F24, IF(G24>0, 1.0, 0.0)) | J24: Pedido extra no previsto | K24: 0 | L24: 0 | M24: 240 | N24: 240 | O24: 0 | P24: 0 | Q24: =K24+M24+O24 | R24: =L24+N24+P24 | S24: =R24-Q24
B25: COLOMBIA | C25: CAMPO ABIERTO, S.A.S. | D25: G30005 | E25: GREEN-UP, 5 L | F25: 0 | G25: 0 | H25: =ABS(G25-F25) | I25: =IF(F25>0, G25/F25, IF(G25>0, 1.0, 0.0)) | K25: 0 | L25: 0 | M25: 240 | N25: 240 | O25: 0 | P25: 0 | Q25: =K25+M25+O25 | R25: =L25+N25+P25 | S25: =R25-Q25
B26: COLOMBIA | C26: CAMPO ABIERTO, S.A.S. | D26: SSEG0001 | E26: SALWAX CALCIO | F26: 0 | G26: 324 | H26: =ABS(G26-F26) | I26: =IF(F26>0, G26/F26, IF(G26>0, 1.0, 0.0)) | J26: Pedido extra no previsto | K26: 0 | L26: 0 | M26: 240 | N26: 240 | O26: 0 | P26: 0 | Q26: =K26+M26+O26 | R26: =L26+N26+P26 | S26: =R26-Q26
B27: COLOMBIA | C27: CAMPO ABIERTO, S.A.S. | D27: SSEG0005 | E27: SALWAX CALCIO EGIPTO, 5 KG | F27: 0 | G27: 480 | H27: =ABS(G27-F27) | I27: =IF(F27>0, G27/F27, IF(G27>0, 1.0, 0.0)) | J27: Pedido extra no previsto | K27: 0 | L27: 0 | M27: 100 | N27: 100 | O27: 0 | P27: 0 | Q27: =K27+M27+O27 | R27: =L27+N27+P27 | S27: =R27-Q27
B28: ESPAÑA | C28: CAMPO ABIERTO, S.A.S. | D28: SSEG0020 | E28: SALWAX CALCIO EGIPTO, 20 KG | F28: 0 | G28: 1200 | H28: =ABS(G28-F28) | I28: =IF(F28>0, G28/F28, IF(G28>0, 1.0, 0.0)) | J28: Pedido extra no previsto | K28: 0 | L28: 0 | M28: 0 | N28: 0 | O28: 0 | P28: 0 | Q28: =K28+M28+O28 | R28: =L28+N28+P28 | S28: =R28-Q28
B29: ECUADOR (incluidas las Islas Galápagos) | C29: ECUAQUIMICA | D29: AN0005 | E29: ALCAPLANT NEW | F29: 0 | G29: 2200 | H29: =ABS(G29-F29) | I29: =IF(F29>0, G29/F29, IF(G29>0, 1.0, 0.0)) | J29: Pedido extra no previsto | K29: 4400 | L29: 4400 | M29: 0 | N29: 0 | O29: 0 | P29: 0 | Q29: =K29+M29+O29 | R29: =L29+N29+P29 | S29: =R29-Q29
B30: ECUADOR (incluidas las Islas Galápagos) | C30: ECUAQUIMICA | D30: AN0020 | E30: ALCAPLANT NEW | F30: 0 | G30: 6600 | H30: =ABS(G30-F30) | I30: =IF(F30>0, G30/F30, IF(G30>0, 1.0, 0.0)) | J30: Pedido extra no previsto | K30: 10000 | L30: 10000 | M30: 0 | N30: 0 | O30: 0 | P30: 0 | Q30: =K30+M30+O30 | R30: =L30+N30+P30 | S30: =R30-Q30
B31: ECUADOR (incluidas las Islas Galápagos) | C31: ECUAQUIMICA | D31: C-CU0001 | E31: CODICOBRE | F31: 0 | G31: 0 | H31: =ABS(G31-F31) | I31: =IF(F31>0, G31/F31, IF(G31>0, 1.0, 0.0)) | K31: 2376 | L31: 2376 | M31: 0 | N31: 0 | O31: 0 | P31: 0 | Q31: =K31+M31+O31 | R31: =L31+N31+P31 | S31: =R31-Q31
B32: COSTA RICA | C32: EUROFERTIL, S.A. | D32: A-500005 | E32: CODIORGAN-A50, 5 KG | F32: 0 | G32: 0 | H32: =ABS(G32-F32) | I32: =IF(F32>0, G32/F32, IF(G32>0, 1.0, 0.0)) | K32: 1000 | L32: 1000 | M32: 1000 | N32: 1000 | O32: 0 | P32: 0 | Q32: =K32+M32+O32 | R32: =L32+N32+P32 | S32: =R32-Q32
B33: COSTA RICA | C33: EUROFERTIL, S.A. | D33: A-500020 | E33: CODIORGAN A-50 | F33: 0 | G33: 0 | H33: =ABS(G33-F33) | I33: =IF(F33>0, G33/F33, IF(G33>0, 1.0, 0.0)) | K33: 0 | L33: 0 | M33: 1000 | N33: 1000 | O33: 0 | P33: 0 | Q33: =K33+M33+O33 | R33: =L33+N33+P33 | S33: =R33-Q33
B34: COSTA RICA | C34: EUROFERTIL, S.A. | D34: AGMG0005 | E34: AGROXILATO-MG, 5 KG (EXPORT) | F34: 0 | G34: 0 | H34: =ABS(G34-F34) | I34: =IF(F34>0, G34/F34, IF(G34>0, 1.0, 0.0)) | K34: 500 | L34: 500 | M34: 0 | N34: 0 | O34: 500 | P34: 500 | Q34: =K34+M34+O34 | R34: =L34+N34+P34 | S34: =R34-Q34
B35: COSTA RICA | C35: EUROFERTIL, S.A. | D35: AGMG0020 | E35: AGROXILATO MG, 20 KG (EXPORT) | F35: 0 | G35: 0 | H35: =ABS(G35-F35) | I35: =IF(F35>0, G35/F35, IF(G35>0, 1.0, 0.0)) | K35: 0 | L35: 0 | M35: 800 | N35: 800 | O35: 0 | P35: 0 | Q35: =K35+M35+O35 | R35: =L35+N35+P35 | S35: =R35-Q35
B36: COSTA RICA | C36: EUROFERTIL, S.A. | D36: AGXCR1000 | E36: AGROXILATO-K | F36: 0 | G36: 0 | H36: =ABS(G36-F36) | I36: =IF(F36>0, G36/F36, IF(G36>0, 1.0, 0.0)) | K36: 4000 | L36: 4000 | M36: 4000 | N36: 4000 | O36: 4000 | P36: 4000 | Q36: =K36+M36+O36 | R36: =L36+N36+P36 | S36: =R36-Q36
B37: COSTA RICA | C37: EUROFERTIL, S.A. | D37: AGZN0001 | E37: AGROXILATO Zn | F37: 0 | G37: 0 | H37: =ABS(G37-F37) | I37: =IF(F37>0, G37/F37, IF(G37>0, 1.0, 0.0)) | K37: 0 | L37: 0 | M37: 1056 | N37: 1056 | O37: 0 | P37: 0 | Q37: =K37+M37+O37 | R37: =L37+N37+P37 | S37: =R37-Q37
B38: COSTA RICA | C38: EUROFERTIL, S.A. | D38: AGZN0005 | E38: AGROXILATO-ZN 16%, 5 KG (EXPORT) | F38: 0 | G38: 0 | H38: =ABS(G38-F38) | I38: =IF(F38>0, G38/F38, IF(G38>0, 1.0, 0.0)) | K38: 1000 | L38: 1000 | M38: 0 | N38: 0 | O38: 500 | P38: 500 | Q38: =K38+M38+O38 | R38: =L38+N38+P38 | S38: =R38-Q38
B39: COSTA RICA | C39: EUROFERTIL, S.A. | D39: AN0005 | E39: ALCAPLANT | F39: 0 | G39: 0 | H39: =ABS(G39-F39) | I39: =IF(F39>0, G39/F39, IF(G39>0, 1.0, 0.0)) | K39: 11000 | L39: 11000 | M39: 0 | N39: 0 | O39: 7000 | P39: 7000 | Q39: =K39+M39+O39 | R39: =L39+N39+P39 | S39: =R39-Q39
B40: COSTA RICA | C40: EUROFERTIL, S.A. | D40: AN0020 | E40: ALCAPLANT | F40: 0 | G40: 0 | H40: =ABS(G40-F40) | I40: =IF(F40>0, G40/F40, IF(G40>0, 1.0, 0.0)) | K40: 11000 | L40: 11000 | M40: 15400 | N40: 15400 | O40: 0 | P40: 0 | Q40: =K40+M40+O40 | R40: =L40+N40+P40 | S40: =R40-Q40
B41: COSTA RICA | C41: EUROFERTIL, S.A. | D41: B1000 | E41: BOROCAL, 1000 L | F41: 0 | G41: 0 | H41: =ABS(G41-F41) | I41: =IF(F41>0, G41/F41, IF(G41>0, 1.0, 0.0)) | K41: 3000 | L41: 3000 | M41: 0 | N41: 0 | O41: 3000 | P41: 3000 | Q41: =K41+M41+O41 | R41: =L41+N41+P41 | S41: =R41-Q41
B42: COSTA RICA | C42: EUROFERTIL, S.A. | D42: C-CU1000 | E42: CODICOBRE | F42: 0 | G42: 0 | H42: =ABS(G42-F42) | I42: =IF(F42>0, G42/F42, IF(G42>0, 1.0, 0.0)) | K42: 0 | L42: 0 | M42: 2000 | N42: 2000 | O42: 0 | P42: 0 | Q42: =K42+M42+O42 | R42: =L42+N42+P42 | S42: =R42-Q42
... B53: COSTA RICA | C53: EUROFERTIL, S.A. | D53: SS0020 | E53: SAL WAX MAX | F53: 0 | G53: 0 | H53: =ABS(G53-F53) | I53: =IF(F53>0, G53/F53, IF(G53>0, 1.0, 0.0)) | K53: 2760 | L53: 2760 | M53: 0 | N53: 0 | O53: 800 | P53: 800 | Q53: =K53+M53+O53 | R53: =L53+N53+P53 | S53: =R53-Q53
B54: ESPAÑA | C54: EUROFERTIL, S.A. | D54: AGXCR1000 | E54: AGROXILATO-K, 1000 L | F54: 0 | G54: 3000 | H54: =ABS(G54-F54) | I54: =IF(F54>0, G54/F54, IF(G54>0, 1.0, 0.0)) | J54: Pedido extra no previsto | K54: 0 | L54: 0 | M54: 0 | N54: 0 | O54: 0 | P54: 0 | Q54: =K54+M54+O54 | R54: =L54+N54+P54 | S54: =R54-Q54
B55: ESPAÑA | C55: EUROFERTIL, S.A. | D55: AN0005 | E55: ALCAPLANT, 5 KG | F55: 0 | G55: 3300 | H55: =ABS(G55-F55) | I55: =IF(F55>0, G55/F55, IF(G55>0, 1.0, 0.0)) | J55: Pedido extra no previsto | K55: 0 | L55: 0 | M55: 0 | N55: 0 | O55: 0 | P55: 0 | Q55: =K55+M55+O55 | R55: =L55+N55+P55 | S55: =R55-Q55
B56: ESPAÑA | C56: EUROFERTIL, S.A. | D56: AN0020 | E56: ALCAPLANT, 20 KG | F56: 0 | G56: 4400 | H56: =ABS(G56-F56) | I56: =IF(F56>0, G56/F56, IF(G56>0, 1.0, 0.0)) | J56: Pedido extra no previsto | K56: 0 | L56: 0 | M56: 0 | N56: 0 | O56: 0 | P56: 0 | Q56: =K56+M56+O56 | R56: =L56+N56+P56 | S56: =R56-Q56
B57: ESPAÑA | C57: EUROFERTIL, S.A. | D57: B1000 | E57: FORTALEZA, 1000 L | F57: 0 | G57: 2000 | H57: =ABS(G57-F57) | I57: =IF(F57>0, G57/F57, IF(G57>0, 1.0, 0.0)) | J57: Pedido extra no previsto | K57: 0 | L57: 0 | M57: 0 | N57: 0 | O57: 0 | P57: 0 | Q57: =K57+M57+O57 | R57: =L57+N57+P57 | S57: =R57-Q57
B58: ESPAÑA | C58: EUROFERTIL, S.A. | D58: C-CU1000 | E58: CODICOBRE, 1000 L | F58: 0 | G58: 1000 | H58: =ABS(G58-F58) | I58: =IF(F58>0, G58/F58, IF(G58>0, 1.0, 0.0)) | J58: Pedido extra no previsto | K58: 0 | L58: 0 | M58: 0 | N58: 0 | O58: 0 | P58: 0 | Q58: =K58+M58+O58 | R58: =L58+N58+P58 | S58: =R58-Q58
B59: ESPAÑA | C59: EUROFERTIL, S.A. | D59: CODIR1000 | E59: CODIRESIST, 1000 L | F59: 0 | G59: 1000 | H59: =ABS(G59-F59) | I59: =IF(F59>0, G59/F59, IF(G59>0, 1.0, 0.0)) | J59: Pedido extra no previsto | K59: 0 | L59: 0 | M59: 0 | N59: 0 | O59: 0 | P59: 0 | Q59: =K59+M59+O59 | R59: =L59+N59+P59 | S59: =R59-Q59
B60: ESPAÑA | C60: EUROFERTIL, S.A. | D60: DECA0005 | E60: DEFENS-CA-AE, 5 KG | F60: 0 | G60: 750 | H60: =ABS(G60-F60) | I60: =IF(F60>0, G60/F60, IF(G60>0, 1.0, 0.0)) | J60: Pedido extra no previsto | K60: 0 | L60: 0 | M60: 0 | N60: 0 | O60: 0 | P60: 0 | Q60: =K60+M60+O60 | R60: =L60+N60+P60 | S60: =R60-Q60
B61: ESPAÑA | C61: EUROFERTIL, S.A. | D61: F-A1000 | E61: FITOLIN AGRO, 1000 L | F61: 0 | G61: 1000 | H61: =ABS(G61-F61) | I61: =IF(F61>0, G61/F61, IF(G61>0, 1.0, 0.0)) | J61: Pedido extra no previsto | K61: 0 | L61: 0 | M61: 0 | N61: 0 | O61: 0 | P61: 0 | Q61: =K61+M61+O61 | R61: =L61+N61+P61 | S61: =R61-Q61
B62: ESPAÑA | C62: EUROFERTIL, S.A. | D62: NB1000 | E62: NITROBALANCE, 1000 L | F62: 0 | G62: 2000 | H62: =ABS(G62-F62) | I62: =IF(F62>0, G62/F62, IF(G62>0, 1.0, 0.0)) | J62: Pedido extra no previsto | K62: 0 | L62: 0 | M62: 0 | N62: 0 | O62: 0 | P62: 0 | Q62: =K62+M62+O62 | R62: =L62+N62+P62 | S62: =R62-Q62
B63: ESPAÑA | C63: EUROFERTIL, S.A. | D63: SS0020 | E63: SAL WAX MAX, 20 KG | F63: 0 | G63: 1600 | H63: =ABS(G63-F63) | I63: =IF(F63>0, G63/F63, IF(G63>0, 1.0, 0.0)) | J63: Pedido extra no previsto | K63: 0 | L63: 0 | M63: 0 | N63: 0 | O63: 0 | P63: 0 | Q63: =K63+M63+O63 | R63: =L63+N63+P63 | S63: =R63-Q63
B64: PERÚ | C64: HORTIFRUT - PERU, S.A.C. | D64: AN0020 | E64: ALCAPLANT NEW, 20 KG | F64: 0 | G64: 1100 | H64: =ABS(G64-F64) | I64: =IF(F64>0, G64/F64, IF(G64>0, 1.0, 0.0)) | J64: Pedido extra no previsto | K64: 0 | L64: 0 | M64: 0 | N64: 0 | O64: 0 | P64: 0 | Q64: =K64+M64+O64 | R64: =L64+N64+P64 | S64: =R64-Q64
B65: DOMINICANA, REPÚBLICA | C65: JUAN JIMENEZ, SRL | D65: A-50(2)0001 | E65: CODIORGAN A-50 | F65: 0 | G65: 0 | H65: =ABS(G65-F65) | I65: =IF(F65>0, G65/F65, IF(G65>0, 1.0, 0.0)) | K65: 0 | L65: 0 | M65: 800 | N65: 800 | O65: 0 | P65: 0 | Q65: =K65+M65+O65 | R65: =L65+N65+P65 | S65: =R65-Q65
B66: DOMINICANA, REPÚBLICA | C66: JUAN JIMENEZ, SRL | D66: AGXK0001 | E66: AGROXILATO-K | F66: 0 | G66: 0 | H66: =ABS(G66-F66) | I66: =IF(F66>0, G66/F66, IF(G66>0, 1.0, 0.0)) | K66: 0 | L66: 0 | M66: 1000 | N66: 1000 | O66: 0 | P66: 0 | Q66: =K66+M66+O66 | R66: =L66+N66+P66 | S66: =R66-Q66
B67: DOMINICANA, REPÚBLICA | C67: JUAN JIMENEZ, SRL | D67: AN0005 | E67: ALCAPLANT NEW | F67: 0 | G67: 0 | H67: =ABS(G67-F67) | I67: =IF(F67>0, G67/F67, IF(G67>0, 1.0, 0.0)) | K67: 0 | L67: 0 | M67: 3300 | N67: 3300 | O67: 0 | P67: 0 | Q67: =K67+M67+O67 | R67: =L67+N67+P67 | S67: =R67-Q67
B68: DOMINICANA, REPÚBLICA | C68: JUAN JIMENEZ, SRL | D68: B0001 | E68: BOROCAL | F68: 0 | G68: 0 | H68: =ABS(G68-F68) | I68: =IF(F68>0, G68/F68, IF(G68>0, 1.0, 0.0)) | K68: 0 | L68: 0 | M68: 1000 | N68: 1000 | O68: 0 | P68: 0 | Q68: =K68+M68+O68 | R68: =L68+N68+P68 | S68: =R68-Q68
B69: DOMINICANA, REPÚBLICA | C69: JUAN JIMENEZ, SRL | D69: BIO0001 | E69: BIORAD-20 | F69: 0 | G69: 0 | H69: =ABS(G69-F69) | I69: =IF(F69>0, G69/F69, IF(G69>0, 1.0, 0.0)) | K69: 0 | L69: 0 | M69: 1224 | N69: 1224 | O69: 0 | P69: 0 | Q69: =K69+M69+O69 | R69: =L69+N69+P69 | S69: =R69-Q69
B70: DOMINICANA, REPÚBLICA | C70: JUAN JIMENEZ, SRL | D70: BIO0005 | E70: BIORAD-20 | F70: 0 | G70: 0 | H70: =ABS(G70-F70) | I70: =IF(F70>0, G70/F70, IF(G70>0, 1.0, 0.0)) | K70: 0 | L70: 0 | M70: 3620 | N70: 3620 | O70: 0 | P70: 0 | Q70: =K70+M70+O70 | R70: =L70+N70+P70 | S70: =R70-Q70
B71: DOMINICANA, REPÚBLICA | C71: JUAN JIMENEZ, SRL | D71: BIO0020 | E71: BIORAD-20 | F71: 0 | G71: 0 | H71: =ABS(G71-F71) | I71: =IF(F71>0, G71/F71, IF(G71>0, 1.0, 0.0)) | K71: 0 | L71: 0 | M71: 2500 | N71: 2500 | O71: 0 | P71: 0 | Q71: =K71+M71+O71 | R71: =L71+N71+P71 | S71: =R71-Q71
B72: DOMINICANA, REPÚBLICA | C72: JUAN JIMENEZ, SRL | D72: C-L0001 | E72: CODIBOR-L, 1 L | F72: 0 | G72: 0 | H72: =ABS(G72-F72) | I72: =IF(F72>0, G72/F72, IF(G72>0, 1.0, 0.0)) | K72: 0 | L72: 0 | M72: 300 | N72: 300 | O72: 0 | P72: 0 | Q72: =K72+M72+O72 | R72: =L72+N72+P72 | S72: =R72-Q72
B73: DOMINICANA, REPÚBLICA | C73: JUAN JIMENEZ, SRL | D73: F-A0001 | E73: FITOLIN-AGRO | F73: 0 | G73: 0 | H73: =ABS(G73-F73) | I73: =IF(F73>0, G73/F73, IF(G73>0, 1.0, 0.0)) | K73: 0 | L73: 0 | M73: 1000 | N73: 1000 | O73: 0 | P73: 0 | Q73: =K73+M73+O73 | R73: =L73+N73+P73 | S73: =R73-Q73
B74: DOMINICANA, REPÚBLICA | C74: JUAN JIMENEZ, SRL | D74: F-A0005 | E74: FITOLIN-AGRO | F74: 0 | G74: 0 | H74: =ABS(G74-F74) | I74: =IF(F74>0, G74/F74, IF(G74>0, 1.0, 0.0)) | K74: 0 | L74: 0 | M74: 1500 | N74: 1500 | O74: 0 | P74: 0 | Q74: =K74+M74+O74 | R74: =L74+N74+P74 | S74: =R74-Q74
B75: DOMINICANA, REPÚBLICA | C75: JUAN JIMENEZ, SRL | D75: FLOR0001 | E75: FLORAMEC | F75: 0 | G75: 0 | H75: =ABS(G75-F75) | I75: =IF(F75>0, G75/F75, IF(G75>0, 1.0, 0.0)) | K75: 0 | L75: 0 | M75: 800 | N75: 800 | O75: 0 | P75: 0 | Q75: =K75+M75+O75 | R75: =L75+N75+P75 | S75: =R75-Q75
B76: DOMINICANA, REPÚBLICA | C76: JUAN JIMENEZ, SRL | D76: FU0001 | E76: FULVIGIN | F76: 0 | G76: 0 | H76: =ABS(G76-F76) | I76: =IF(F76>0, G76/F76, IF(G76>0, 1.0, 0.0)) | K76: 0 | L76: 0 | M76: 500 | N76: 500 | O76: 0 | P76: 0 | Q76: =K76+M76+O76 | R76: =L76+N76+P76 | S76: =R76-Q76
... B99: PANAMÁ | C99: SERVICIOS AGROPECUARIOS EL LLANO, S. A. | D99: SS0001 | E99: SAL WAX MAX | F99: 0 | G99: 0 | H99: =ABS(G99-F99) | I99: =IF(F99>0, G99/F99, IF(G99>0, 1.0, 0.0)) | K99: 0 | L99: 0 | M99: 528 | N99: 528 | O99: 0 | P99: 0 | Q99: =K99+M99+O99 | R99: =L99+N99+P99 | S99: =R99-Q99
B100: ESPAÑA | C100: SERVICIOS AGROPECUARIOS EL LLANO, S. A. | D100: A-500001 | E100: CODIORGAN-A50, 1 KG | F100: 0 | G100: 368 | H100: =ABS(G100-F100) | I100: =IF(F100>0, G100/F100, IF(G100>0, 1.0, 0.0)) | J100: Pedido extra no previsto | K100: 0 | L100: 0 | M100: 0 | N100: 0 | O100: 0 | P100: 0 | Q100: =K100+M100+O100 | R100: =L100+N100+P100 | S100: =R100-Q100
B101: ESPAÑA | C101: SERVICIOS AGROPECUARIOS EL LLANO, S. A. | D101: AGXCR0001 | E101: AGROXILATO-K, 1 L | F101: 0 | G101: 540 | H101: =ABS(G101-F101) | I101: =IF(F101>0, G101/F101, IF(G101>0, 1.0, 0.0)) | J101: Pedido extra no previsto | K101: 0 | L101: 0 | M101: 0 | N101: 0 | O101: 0 | P101: 0 | Q101: =K101+M101+O101 | R101: =L101+N101+P101 | S101: =R101-Q101
B102: ESPAÑA | C102: SERVICIOS AGROPECUARIOS EL LLANO, S. A. | D102: AGXCR0005 | E102: AGROXILATO-K, 5 L | F102: 0 | G102: 300 | H102: =ABS(G102-F102) | I102: =IF(F102>0, G102/F102, IF(G102>0, 1.0, 0.0)) | J102: Pedido extra no previsto | K102: 0 | L102: 0 | M102: 0 | N102: 0 | O102: 0 | P102: 0 | Q102: =K102+M102+O102 | R102: =L102+N102+P102 | S102: =R102-Q102
B103: ESPAÑA | C103: SERVICIOS AGROPECUARIOS EL LLANO, S. A. | D103: AN0005 | E103: ALCAPLANT, 5 KG | F103: 0 | G103: 7920 | H103: =ABS(G103-F103) | I103: =IF(F103>0, G103/F103, IF(G103>0, 1.0, 0.0)) | J103: Pedido extra no previsto | K103: 0 | L103: 0 | M103: 0 | N103: 0 | O103: 0 | P103: 0 | Q103: =K103+M103+O103 | R103: =L103+N103+P103 | S103: =R103-Q103
B104: ESPAÑA | C104: SERVICIOS AGROPECUARIOS EL LLANO, S. A. | D104: B0001 | E104: FORTALEZA,1 L | F104: 0 | G104: 540 | H104: =ABS(G104-F104) | I104: =IF(F104>0, G104/F104, IF(G104>0, 1.0, 0.0)) | J104: Pedido extra no previsto | K104: 0 | L104: 0 | M104: 0 | N104: 0 | O104: 0 | P104: 0 | Q104: =K104+M104+O104 | R104: =L104+N104+P104 | S104: =R104-Q104
B105: ESPAÑA | C105: SERVICIOS AGROPECUARIOS EL LLANO, S. A. | D105: C-CU0001 | E105: CODICOBRE, 1 L | F105: 0 | G105: 840 | H105: =ABS(G105-F105) | I105: =IF(F105>0, G105/F105, IF(G105>0, 1.0, 0.0)) | J105: Pedido extra no previsto | K105: 0 | L105: 0 | M105: 0 | N105: 0 | O105: 0 | P105: 0 | Q105: =K105+M105+O105 | R105: =L105+N105+P105 | S105: =R105-Q105
B106: ESPAÑA | C106: SERVICIOS AGROPECUARIOS EL LLANO, S. A. | D106: C-CU0005 | E106: CODICOBRE, 5 L | F106: 0 | G106: 600 | H106: =ABS(G106-F106) | I106: =IF(F106>0, G106/F106, IF(G106>0, 1.0, 0.0)) | J106: Pedido extra no previsto | K106: 0 | L106: 0 | M106: 0 | N106: 0 | O106: 0 | P106: 0 | Q106: =K106+M106+O106 | R106: =L106+N106+P106 | S106: =R106-Q106
B107: ESPAÑA | C107: SERVICIOS AGROPECUARIOS EL LLANO, S. A. | D107: SERVFLETE | E107: FREIGHT | F107: 0 | G107: 1 | H107: =ABS(G107-F107) | I107: =IF(F107>0, G107/F107, IF(G107>0, 1.0, 0.0)) | J107: Pedido extra no previsto | K107: 0 | L107: 0 | M107: 0 | N107: 0 | O107: 0 | P107: 0 | Q107: =K107+M107+O107 | R107: =L107+N107+P107 | S107: =R107-Q107
B108: ESPAÑA | C108: SERVICIOS AGROPECUARIOS EL LLANO, S. A. | D108: SERVSEGURO | E108: INSURANCE | F108: 0 | G108: 1 | H108: =ABS(G108-F108) | I108: =IF(F108>0, G108/F108, IF(G108>0, 1.0, 0.0)) | J108: Pedido extra no previsto | K108: 0 | L108: 0 | M108: 0 | N108: 0 | O108: 0 | P108: 0 | Q108: =K108+M108+O108 | R108: =L108+N108+P108 | S108: =R108-Q108
B109: ESPAÑA | C109: SERVICIOS AGROPECUARIOS EL LLANO, S. A. | D109: SPCE0001 | E109: SPRINTENE ABONO CE, 1 L | F109: 0 | G109: 180 | H109: =ABS(G109-F109) | I109: =IF(F109>0, G109/F109, IF(G109>0, 1.0, 0.0)) | J109: Pedido extra no previsto | K109: 0 | L109: 0 | M109: 0 | N109: 0 | O109: 0 | P109: 0 | Q109: =K109+M109+O109 | R109: =L109+N109+P109 | S109: =R109-Q109
B110: ESPAÑA | C110: SERVICIOS AGROPECUARIOS EL LLANO, S. A. | D110: SS0001 | E110: SAL WAX MAX, 1 KG | F110: 0 | G110: 1584 | H110: =ABS(G110-F110) | I110: =IF(F110>0, G110/F110, IF(G110>0, 1.0, 0.0)) | J110: Pedido extra no previsto | K110: 0 | L110: 0 | M110: 0 | N110: 0 | O110: 0 | P110: 0 | Q110: =K110+M110+O110 | R110: =L110+N110+P110 | S110: =R110-Q110
B111: TOTAL CONSOLIDADO - RICARDO (UNIDADES) | F111: =SUM(F10:F110) | G111: =SUM(G10:G110) | H111: =SUM(H10:H110) | I111: =IF(F111>0, G111/F111, 1.0) | K111: =SUM(K10:K110) | L111: =SUM(L10:L110) | M111: =SUM(M10:M110) | N111: =SUM(N10:N110) | O111: =SUM(O10:O110) | P111: =SUM(P10:P110) | Q111: =SUM(Q10:Q110) | R111: =SUM(R10:R110) | S111: =SUM(S10:S110)
