Workbook

Sheet Resumen General
B2: CODIAGRO - SEGUIMIENTO DIARIO DE VENTAS (SEPTIEMBRE 2026)
B3: Comparativa Estimación Septiembre (Unidades) vs Pedidos Reales a Fecha 30/09/2026 | Generado: 30/10/2026 07:28
B5: ESTIMACIÓN SEP (UDS) | D5: PEDIDOS REALES (UDS) | F5: % CONSECUCIÓN GLOBAL | H5: FALTA CONSEGUIR (GAP) | J5: PENDIENTES (U)
B6: 172,503 u | D6: 236,105 u | F6: 136.9% | H6: 12,558 u | J6: 35,774 u
B8: RESUMEN CONSOLIDADO POR COMERCIAL (UNIDADES)
B9: Comercial | C9: Clientes Activos | D9: Estimación Sep (u) | E9: Pedidos Sep (u) | F9: Servidas (u) | G9: Pendientes (u) | H9: Falta Conseguir (u) | I9: Desviación (u) | J9: % Consecución
B10: Alfonso | C10: 12 | D10: 2199.3511 | E10: 11874 | F10: 11874 | G10: 0 | H10: =MAX(0, D10-E10) | I10: ='Alfonso'!J41 | J10: =IF(D10>0, E10/D10, IF(E10>0, 1, 0))
B11: García | C11: 9 | D11: 35864.59 | E11: 57312 | F11: 57312 | G11: 0 | H11: =MAX(0, D11-E11) | I11: ='García'!J56 | J11: =IF(D11>0, E11/D11, IF(E11>0, 1, 0))
B12: Irene | C12: 3 | D12: 20774.387 | E12: 23674 | F12: 23674 | G12: 0 | H12: =MAX(0, D12-E12) | I12: ='Irene'!J46 | J12: =IF(D12>0, E12/D12, IF(E12>0, 1, 0))
B13: Javier | C13: 8 | D13: 16210.734 | E13: 47049 | F13: 42519 | G13: 4530 | H13: =MAX(0, D13-E13) | I13: ='Javier'!J56 | J13: =IF(D13>0, E13/D13, IF(E13>0, 1, 0))
B14: Mehmet | C14: 1 | D14: 37407.928 | E14: 32728 | F14: 11668 | G14: 21060 | H14: =MAX(0, D14-E14) | I14: ='Mehmet'!J17 | J14: =IF(D14>0, E14/D14, IF(E14>0, 1, 0))
B15: Pedro | C15: 3 | D15: 16438.253 | E15: 8560 | F15: 8560 | G15: 0 | H15: =MAX(0, D15-E15) | I15: ='Pedro'!J33 | J15: =IF(D15>0, E15/D15, IF(E15>0, 1, 0))
B16: Ricardo | C16: 6 | D16: 43607.822 | E16: 54908 | F16: 44724 | G16: 10184 | H16: =MAX(0, D16-E16) | I16: ='Ricardo'!J44 | J16: =IF(D16>0, E16/D16, IF(E16>0, 1, 0))
B17: TOTAL GENERAL | C17: =SUM(C10:C16) | D17: =SUM(D10:D16) | E17: =SUM(E10:E16) | F17: =SUM(F10:F16) | G17: =SUM(G10:G16) | H17: =SUM(H10:H16) | I17: =SUM(I10:I16) | J17: =IF(D17>0, E17/D17, 0)

Sheet Alfonso
B2: CODIAGRO - SEGUIMIENTO COMERCIAL: ALFONSO (UNIDADES)
B3: Seguimiento diario de Previsión Septiembre 2026 vs Pedidos a Fecha 30/09/2026
B5: ESTIMACIÓN SEP (U) | D5: PEDIDOS REALES (U) | F5: % CONSECUCIÓN | H5: FALTA CONSEGUIR (GAP) | J5: PENDIENTES SERVIR (U)
B6: 2,199 u | D6: 11,874 u | F6: 539.9% | H6: 0 u | J6: 0 u
B8: DETALLE COMPARATIVO POR CLIENTE Y ARTÍCULO - ALFONSO (UNIDADES)
B9: Cliente | C9: Cód. Artículo | D9: Descripción Artículo | E9: Estimación Sep (u) | F9: Pedidos Sep (u) | G9: Servidas (u) | H9: Pendientes (u) | I9: Falta (u) | J9: Desv. (u) | K9: % Consec. | L9: Estado
B10: ACTIV. PRODUC. Y COMERC. LA VEGUILLA, SL | C10: BIO0020 | D10: BIORAD-20, 20 L | E10: 910.0763 | F10: 1280 | G10: 1280 | H10: 0 | I10: =MAX(0, E10-F10) | J10: =ABS(F10-E10) | K10: =IF(E10>0, F10/E10, IF(F10>0, 1, 0)) | L10: Superado
B11: ACTIV. PRODUC. Y COMERC. LA VEGUILLA, SL | C11: BROTA0020 | D11: BROTAMEC, 20 L | E11: 910.0763 | F11: 1920 | G11: 1920 | H11: 0 | I11: =MAX(0, E11-F11) | J11: =ABS(F11-E11) | K11: =IF(E11>0, F11/E11, IF(F11>0, 1, 0)) | L11: Superado
B12: AGRICOLA DEL JUCAR DE CUENCA, S.L. | C12: C-CU0020 | D12: CODICOBRE, 20 L | E12: 0 | F12: 100 | G12: 100 | H12: 0 | I12: =MAX(0, E12-F12) | J12: =ABS(F12-E12) | K12: =IF(E12>0, F12/E12, IF(F12>0, 1, 0)) | L12: Extra Estimación
B13: AGRICOLA DEL JUCAR DE CUENCA, S.L. | C13: C-L0020 | D13: CODIBOR-L, 20 L | E13: 0 | F13: 200 | G13: 200 | H13: 0 | I13: =MAX(0, E13-F13) | J13: =ABS(F13-E13) | K13: =IF(E13>0, F13/E13, IF(F13>0, 1, 0)) | L13: Extra Estimación
B14: AGROTÉCNICA DEL NORTE, S.L | C14: A-50(2)0005 | D14: CODIORGAN-A50, 5 KG | E14: 0 | F14: 500 | G14: 500 | H14: 0 | I14: =MAX(0, E14-F14) | J14: =ABS(F14-E14) | K14: =IF(E14>0, F14/E14, IF(F14>0, 1, 0)) | L14: Extra Estimación
B15: AGROTÉCNICA DEL NORTE, S.L | C15: AGRMG0005 | D15: AGROXIGREEN-MG, 5 L | E15: 0 | F15: 300 | G15: 300 | H15: 0 | I15: =MAX(0, E15-F15) | J15: =ABS(F15-E15) | K15: =IF(E15>0, F15/E15, IF(F15>0, 1, 0)) | L15: Extra Estimación
B16: AGROTÉCNICA DEL NORTE, S.L | C16: PT0005 | D16: AGROPOTASION, 5 L | E16: 0 | F16: 400 | G16: 400 | H16: 0 | I16: =MAX(0, E16-F16) | J16: =ABS(F16-E16) | K16: =IF(E16>0, F16/E16, IF(F16>0, 1, 0)) | L16: Extra Estimación
B17: AGROVEYCA,S.L | C17: A-50(2)0005 | D17: CODIORGAN-A50, 5 KG | E17: 0 | F17: 400 | G17: 400 | H17: 0 | I17: =MAX(0, E17-F17) | J17: =ABS(F17-E17) | K17: =IF(E17>0, F17/E17, IF(F17>0, 1, 0)) | L17: Extra Estimación
B18: AGROVEYCA,S.L | C18: BIO0020 | D18: BIORAD-20, 20 L | E18: 379.1985 | F18: 320 | G18: 320 | H18: 0 | I18: =MAX(0, E18-F18) | J18: =ABS(F18-E18) | K18: =IF(E18>0, F18/E18, IF(F18>0, 1, 0)) | L18: En Curso
B19: ASOC. HORTICULTORES DE VILLA DEL PRADO | C19: A-50(2)0005 | D19: CODIORGAN A-50, 5 KG | E19: 0 | F19: 50 | G19: 50 | H19: 0 | I19: =MAX(0, E19-F19) | J19: =ABS(F19-E19) | K19: =IF(E19>0, F19/E19, IF(F19>0, 1, 0)) | L19: Extra Estimación
B20: ASOC. HORTICULTORES DE VILLA DEL PRADO | C20: AVAN0005 | D20: FLORAMEC AVANCE, 5 L | E20: 0 | F20: 100 | G20: 100 | H20: 0 | I20: =MAX(0, E20-F20) | J20: =ABS(F20-E20) | K20: =IF(E20>0, F20/E20, IF(F20>0, 1, 0)) | L20: Extra Estimación
B21: ASOC. HORTICULTORES DE VILLA DEL PRADO | C21: C-CU0005 | D21: CODICOBRE, 5 L | E21: 0 | F21: 20 | G21: 20 | H21: 0 | I21: =MAX(0, E21-F21) | J21: =ABS(F21-E21) | K21: =IF(E21>0, F21/E21, IF(F21>0, 1, 0)) | L21: Extra Estimación
... B40: VILLALTA SATIVUM, S.L. | C40: WHITE0020 | D40: AGROWHITE, 20 KG | E40: 0 | F40: 3460 | G40: 3460 | H40: 0 | I40: =MAX(0, E40-F40) | J40: =ABS(F40-E40) | K40: =IF(E40>0, F40/E40, IF(F40>0, 1, 0)) | L40: Extra Estimación
B41: TOTAL ALFONSO | C41: 282 líneas | E41: =SUM(E10:E40) | F41: =SUM(F10:F40) | G41: =SUM(G10:G40) | H41: =SUM(H10:H40) | I41: =SUM(I10:I40) | J41: =SUM(J10:J40) | K41: =IF(E41>0, F41/E41, 0) | L41: =IF(K41>=1, "SUPERADO", "EN CURSO")

Sheet García
B2: CODIAGRO - SEGUIMIENTO COMERCIAL: GARCÍA (UNIDADES)
B3: Seguimiento diario de Previsión Septiembre 2026 vs Pedidos a Fecha 30/09/2026
B5: ESTIMACIÓN SEP (U) | D5: PEDIDOS REALES (U) | F5: % CONSECUCIÓN | H5: FALTA CONSEGUIR (GAP) | J5: PENDIENTES SERVIR (U)
B6: 35,865 u | D6: 57,312 u | F6: 159.8% | H6: 0 u | J6: 0 u
B8: DETALLE COMPARATIVO POR CLIENTE Y ARTÍCULO - GARCÍA (UNIDADES)
B9: Cliente | C9: Cód. Artículo | D9: Descripción Artículo | E9: Estimación Sep (u) | F9: Pedidos Sep (u) | G9: Servidas (u) | H9: Pendientes (u) | I9: Falta (u) | J9: Desv. (u) | K9: % Consec. | L9: Estado
B10: AGROGIMEDEL, S.L.U. | C10: AGZNP0005 | D10: AGROXILATO ZN PLUS, 5 KG | E10: 663.5973 | F10: 0 | G10: 0 | H10: 0 | I10: =MAX(0, E10-F10) | J10: =ABS(F10-E10) | K10: =IF(E10>0, F10/E10, IF(F10>0, 1, 0)) | L10: Sin Pedido
B11: AGRONEW FITO, S.L. | C11: AGXK1000 | D11: AGROXILATO-K, 1000 L | E11: 1895.9923 | F11: 0 | G11: 0 | H11: 0 | I11: =MAX(0, E11-F11) | J11: =ABS(F11-E11) | K11: =IF(E11>0, F11/E11, IF(F11>0, 1, 0)) | L11: Sin Pedido
B12: AGRONEW FITO, S.L. | C12: AGZ-M0005 | D12: AGROXILATO-ZN-MN, 5 KG | E12: 284.3988 | F12: 0 | G12: 0 | H12: 0 | I12: =MAX(0, E12-F12) | J12: =ABS(F12-E12) | K12: =IF(E12>0, F12/E12, IF(F12>0, 1, 0)) | L12: Sin Pedido
B13: AGRONEW FITO, S.L. | C13: AGZNP0005 | D13: AGROXILATO-ZN PLUS, 5 KG | E13: 0 | F13: 100 | G13: 100 | H13: 0 | I13: =MAX(0, E13-F13) | J13: =ABS(F13-E13) | K13: =IF(E13>0, F13/E13, IF(F13>0, 1, 0)) | L13: Extra Estimación
B14: AGRONEW FITO, S.L. | C14: ANAE0020 | D14: ALCAPLANT NEW AE, 20 KG | E14: 2085.5915 | F14: 1100 | G14: 1100 | H14: 0 | I14: =MAX(0, E14-F14) | J14: =ABS(F14-E14) | K14: =IF(E14>0, F14/E14, IF(F14>0, 1, 0)) | L14: En Curso
B15: AGRONEW FITO, S.L. | C15: PT0020 | D15: AGROPOTASION, 20 L | E15: 1820.1526 | F15: 1280 | G15: 1280 | H15: 0 | I15: =MAX(0, E15-F15) | J15: =ABS(F15-E15) | K15: =IF(E15>0, F15/E15, IF(F15>0, 1, 0)) | L15: En Curso
B16: AGRONEW FITO, S.L. | C16: S1000 | D16: SAL-WAX STAR, 1000 L | E16: 4739.9807 | F16: 1000 | G16: 1000 | H16: 0 | I16: =MAX(0, E16-F16) | J16: =ABS(F16-E16) | K16: =IF(E16>0, F16/E16, IF(F16>0, 1, 0)) | L16: Rezagado
B17: AGROREBOLLO, S.L. | C17: AGZNP0005 | D17: AGROXILATO ZN PLUS, 5 KG | E17: 473.9981 | F17: 0 | G17: 0 | H17: 0 | I17: =MAX(0, E17-F17) | J17: =ABS(F17-E17) | K17: =IF(E17>0, F17/E17, IF(F17>0, 1, 0)) | L17: Sin Pedido
B18: AGROSER BERNARDINO, S.L. | C18: AN0020 | D18: ALCAPLANT NEW, 20 KG | E18: 1042.7958 | F18: 1100 | G18: 1100 | H18: 0 | I18: =MAX(0, E18-F18) | J18: =ABS(F18-E18) | K18: =IF(E18>0, F18/E18, IF(F18>0, 1, 0)) | L18: Superado
B19: AGROTRAPICHE, S.L.U | C19: A-50(2)0020 | D19: CODIORGAN-A50, 20 KG | E19: 189.5992 | F19: 0 | G19: 0 | H19: 0 | I19: =MAX(0, E19-F19) | J19: =ABS(F19-E19) | K19: =IF(E19>0, F19/E19, IF(F19>0, 1, 0)) | L19: Sin Pedido
B20: AGROTRAPICHE, S.L.U | C20: AGZNP0005 | D20: AGROXILATO-ZN PLUS, 5 KG | E20: 284.3988 | F20: 0 | G20: 0 | H20: 0 | I20: =MAX(0, E20-F20) | J20: =ABS(F20-E20) | K20: =IF(E20>0, F20/E20, IF(F20>0, 1, 0)) | L20: Sin Pedido
B21: AGRUPACION DE LABRADORES DEL POZUELO, SA | C21: AGXK0020 | D21: AGROXILATO-K, 20 L | E21: 94.7996 | F21: 100 | G21: 100 | H21: 0 | I21: =MAX(0, E21-F21) | J21: =ABS(F21-E21) | K21: =IF(E21>0, F21/E21, IF(F21>0, 1, 0)) | L21: Superado
... B55: TRATAMIENTOS AGRICOLAS BRENES, S.L. | C55: WHITE0020 | D55: AGROWHITE, 20 KG | E55: 1042.7958 | F55: 1100 | G55: 1100 | H55: 0 | I55: =MAX(0, E55-F55) | J55: =ABS(F55-E55) | K55: =IF(E55>0, F55/E55, IF(F55>0, 1, 0)) | L55: Superado
B56: TOTAL GARCÍA | C56: 234 líneas | E56: =SUM(E10:E55) | F56: =SUM(F10:F55) | G56: =SUM(G10:G55) | H56: =SUM(H10:H55) | I56: =SUM(I10:I55) | J56: =SUM(J10:J55) | K56: =IF(E56>0, F56/E56, 0) | L56: =IF(K56>=1, "SUPERADO", "EN CURSO")

Sheet Irene
B2: CODIAGRO - SEGUIMIENTO COMERCIAL: IRENE (UNIDADES)
B3: Seguimiento diario de Previsión Septiembre 2026 vs Pedidos a Fecha 30/09/2026
B5: ESTIMACIÓN SEP (U) | D5: PEDIDOS REALES (U) | F5: % CONSECUCIÓN | H5: FALTA CONSEGUIR (GAP) | J5: PENDIENTES SERVIR (U)
B6: 20,774 u | D6: 23,674 u | F6: 114.0% | H6: 0 u | J6: 0 u
B8: DETALLE COMPARATIVO POR CLIENTE Y ARTÍCULO - IRENE (UNIDADES)
B9: Cliente | C9: Cód. Artículo | D9: Descripción Artículo | E9: Estimación Sep (u) | F9: Pedidos Sep (u) | G9: Servidas (u) | H9: Pendientes (u) | I9: Falta (u) | J9: Desv. (u) | K9: % Consec. | L9: Estado
B10: CAMPOEJIDO S.C.A. | C10: A-50(2)0005 | D10: CODIORGAN-A50, 5 KG | E10: 189.5992 | F10: 100 | G10: 100 | H10: 0 | I10: =MAX(0, E10-F10) | J10: =ABS(F10-E10) | K10: =IF(E10>0, F10/E10, IF(F10>0, 1, 0)) | L10: En Curso
B11: CAMPOEJIDO S.C.A. | C11: AGN0005 | D11: AGROXILATO N, 5 L | E11: 0 | F11: 20 | G11: 20 | H11: 0 | I11: =MAX(0, E11-F11) | J11: =ABS(F11-E11) | K11: =IF(E11>0, F11/E11, IF(F11>0, 1, 0)) | L11: Extra Estimación
B12: CAMPOEJIDO S.C.A. | C12: AGXK0020 | D12: AGROXILATO-K, 20 L | E12: 1820.1526 | F12: 640 | G12: 640 | H12: 0 | I12: =MAX(0, E12-F12) | J12: =ABS(F12-E12) | K12: =IF(E12>0, F12/E12, IF(F12>0, 1, 0)) | L12: Rezagado
B13: CAMPOEJIDO S.C.A. | C13: AVAN0005 | D13: FLORAMEC AVANCE, 5 L | E13: 284.3988 | F13: 0 | G13: 0 | H13: 0 | I13: =MAX(0, E13-F13) | J13: =ABS(F13-E13) | K13: =IF(E13>0, F13/E13, IF(F13>0, 1, 0)) | L13: Sin Pedido
B14: CAMPOEJIDO S.C.A. | C14: AVAN0020 | D14: FLORAMEC AVANCE, 20 L | E14: 910.0763 | F14: 2560 | G14: 2560 | H14: 0 | I14: =MAX(0, E14-F14) | J14: =ABS(F14-E14) | K14: =IF(E14>0, F14/E14, IF(F14>0, 1, 0)) | L14: Superado
B15: CAMPOEJIDO S.C.A. | C15: BIO0020 | D15: BIORAD-20, 20 L | E15: 606.7175 | F15: 640 | G15: 640 | H15: 0 | I15: =MAX(0, E15-F15) | J15: =ABS(F15-E15) | K15: =IF(E15>0, F15/E15, IF(F15>0, 1, 0)) | L15: Superado
B16: CAMPOEJIDO S.C.A. | C16: C-GLB0001 | D16: CODIORGAN GLB, 1 KG | E16: 56.8798 | F16: 0 | G16: 0 | H16: 0 | I16: =MAX(0, E16-F16) | J16: =ABS(F16-E16) | K16: =IF(E16>0, F16/E16, IF(F16>0, 1, 0)) | L16: Sin Pedido
B17: CAMPOEJIDO S.C.A. | C17: C-L0005 | D17: CODIBOR-L, 5 L | E17: 284.3988 | F17: 0 | G17: 0 | H17: 0 | I17: =MAX(0, E17-F17) | J17: =ABS(F17-E17) | K17: =IF(E17>0, F17/E17, IF(F17>0, 1, 0)) | L17: Sin Pedido
B18: CAMPOEJIDO S.C.A. | C18: C-MB0001 | D18: CODIFOL-MB, 1 L | E18: 45.5038 | F18: 36 | G18: 36 | H18: 0 | I18: =MAX(0, E18-F18) | J18: =ABS(F18-E18) | K18: =IF(E18>0, F18/E18, IF(F18>0, 1, 0)) | L18: En Curso
B19: CAMPOEJIDO S.C.A. | C19: C-MB0005 | D19: CODIFOL-MB, 5 L | E19: 379.1985 | F19: 1300 | G19: 1300 | H19: 0 | I19: =MAX(0, E19-F19) | J19: =ABS(F19-E19) | K19: =IF(E19>0, F19/E19, IF(F19>0, 1, 0)) | L19: Superado
B20: CAMPOEJIDO S.C.A. | C20: CALCIO0005 | D20: CALCIAMEC, 5 KG | E20: 758.3969 | F20: 1600 | G20: 1600 | H20: 0 | I20: =MAX(0, E20-F20) | J20: =ABS(F20-E20) | K20: =IF(E20>0, F20/E20, IF(F20>0, 1, 0)) | L20: Superado
B21: CAMPOEJIDO S.C.A. | C21: CPLUS0020 | D21: CALCIPLUS, 20 L | E21: 1213.4351 | F21: 4480 | G21: 4480 | H21: 0 | I21: =MAX(0, E21-F21) | J21: =ABS(F21-E21) | K21: =IF(E21>0, F21/E21, IF(F21>0, 1, 0)) | L21: Superado
... B45: SUCA, S.C.A. | C45: AVAN0020 | D45: FLORAMEC AVANCE, 20 L | E45: 0 | F45: 200 | G45: 200 | H45: 0 | I45: =MAX(0, E45-F45) | J45: =ABS(F45-E45) | K45: =IF(E45>0, F45/E45, IF(F45>0, 1, 0)) | L45: Extra Estimación
B46: TOTAL IRENE | C46: 89 líneas | E46: =SUM(E10:E45) | F46: =SUM(F10:F45) | G46: =SUM(G10:G45) | H46: =SUM(H10:H45) | I46: =SUM(I10:I45) | J46: =SUM(J10:J45) | K46: =IF(E46>0, F46/E46, 0) | L46: =IF(K46>=1, "SUPERADO", "EN CURSO")

Sheet Javier
B2: CODIAGRO - SEGUIMIENTO COMERCIAL: JAVIER (UNIDADES)
B3: Seguimiento diario de Previsión Septiembre 2026 vs Pedidos a Fecha 30/09/2026
B5: ESTIMACIÓN SEP (U) | D5: PEDIDOS REALES (U) | F5: % CONSECUCIÓN | H5: FALTA CONSEGUIR (GAP) | J5: PENDIENTES SERVIR (U)
B6: 16,211 u | D6: 47,049 u | F6: 290.2% | H6: 0 u | J6: 4,530 u
B8: DETALLE COMPARATIVO POR CLIENTE Y ARTÍCULO - JAVIER (UNIDADES)
B9: Cliente | C9: Cód. Artículo | D9: Descripción Artículo | E9: Estimación Sep (u) | F9: Pedidos Sep (u) | G9: Servidas (u) | H9: Pendientes (u) | I9: Falta (u) | J9: Desv. (u) | K9: % Consec. | L9: Estado
B10: AGROQUIMICAS DRAGO S.L. | C10: AGXK0200 | D10: AGROXILATO-K, 200 L | E10: 1516.7938 | F10: 3200 | G10: 3200 | H10: 0 | I10: =MAX(0, E10-F10) | J10: =ABS(F10-E10) | K10: =IF(E10>0, F10/E10, IF(F10>0, 1, 0)) | L10: Superado
B11: AGROQUIMICAS DRAGO S.L. | C11: AGXK1000 | D11: AGROXILATO-K, 1000 L | E11: 0 | F11: 1000 | G11: 1000 | H11: 0 | I11: =MAX(0, E11-F11) | J11: =ABS(F11-E11) | K11: =IF(E11>0, F11/E11, IF(F11>0, 1, 0)) | L11: Extra Estimación
B12: AGROQUIMICAS DRAGO S.L. | C12: AN0020 | D12: ALCAPLANT NEW, 20 KG | E12: 1042.7958 | F12: 1100 | G12: 1100 | H12: 0 | I12: =MAX(0, E12-F12) | J12: =ABS(F12-E12) | K12: =IF(E12>0, F12/E12, IF(F12>0, 1, 0)) | L12: Superado
B13: AGROQUIMICAS DRAGO S.L. | C13: B0005 | D13: BOROCAL, 5 L | E13: 0 | F13: 40 | G13: 40 | H13: 0 | I13: =MAX(0, E13-F13) | J13: =ABS(F13-E13) | K13: =IF(E13>0, F13/E13, IF(F13>0, 1, 0)) | L13: Extra Estimación
B14: AGROQUIMICAS DRAGO S.L. | C14: B0020 | D14: BOROCAL, 20 L | E14: 0 | F14: 100 | G14: 100 | H14: 0 | I14: =MAX(0, E14-F14) | J14: =ABS(F14-E14) | K14: =IF(E14>0, F14/E14, IF(F14>0, 1, 0)) | L14: Extra Estimación
B15: AGROQUIMICAS DRAGO S.L. | C15: CALCIO0020 | D15: CALCIAMEC, 20 KG | E15: 0 | F15: 60 | G15: 60 | H15: 0 | I15: =MAX(0, E15-F15) | J15: =ABS(F15-E15) | K15: =IF(E15>0, F15/E15, IF(F15>0, 1, 0)) | L15: Extra Estimación
B16: AGROQUIMICAS DRAGO S.L. | C16: CM3M0005 | D16: TENSOLINE-MAX, 5 L | E16: 0 | F16: 60 | G16: 60 | H16: 0 | I16: =MAX(0, E16-F16) | J16: =ABS(F16-E16) | K16: =IF(E16>0, F16/E16, IF(F16>0, 1, 0)) | L16: Extra Estimación
B17: AGROQUIMICAS DRAGO S.L. | C17: CPLUS0020 | D17: CALCIPLUS, 20 L | E17: 0 | F17: 200 | G17: 200 | H17: 0 | I17: =MAX(0, E17-F17) | J17: =ABS(F17-E17) | K17: =IF(E17>0, F17/E17, IF(F17>0, 1, 0)) | L17: Extra Estimación
B18: AGROQUIMICAS DRAGO S.L. | C18: FTK0005 | D18: FITOKONTROL CA FLOW, 5 KG | E18: 0 | F18: 40 | G18: 40 | H18: 0 | I18: =MAX(0, E18-F18) | J18: =ABS(F18-E18) | K18: =IF(E18>0, F18/E18, IF(F18>0, 1, 0)) | L18: Extra Estimación
B19: AGROQUIMICAS DRAGO S.L. | C19: JF0020 | D19: DRAGO-FOS, 20 L | E19: 0 | F19: 1280 | G19: 1280 | H19: 0 | I19: =MAX(0, E19-F19) | J19: =ABS(F19-E19) | K19: =IF(E19>0, F19/E19, IF(F19>0, 1, 0)) | L19: Extra Estimación
B20: AGROQUIMICAS DRAGO S.L. | C20: PHD0005 | D20: PH-DOWNER, 5 L | E20: 0 | F20: 40 | G20: 40 | H20: 0 | I20: =MAX(0, E20-F20) | J20: =ABS(F20-E20) | K20: =IF(E20>0, F20/E20, IF(F20>0, 1, 0)) | L20: Extra Estimación
B21: AGROQUIMICAS DRAGO S.L. | C21: S0020 | D21: SAL-WAX STAR, 20 L | E21: 0 | F21: 1280 | G21: 1280 | H21: 0 | I21: =MAX(0, E21-F21) | J21: =ABS(F21-E21) | K21: =IF(E21>0, F21/E21, IF(F21>0, 1, 0)) | L21: Extra Estimación
... B55: FITOXENT S.C.L.V. | C55: S0020 | D55: SALWAX STAR, 20 L | E55: 0 | F55: 200 | G55: 200 | H55: 0 | I55: =MAX(0, E55-F55) | J55: =ABS(F55-E55) | K55: =IF(E55>0, F55/E55, IF(F55>0, 1, 0)) | L55: Extra Estimación
B56: TOTAL JAVIER | C56: 186 líneas | E56: =SUM(E10:E55) | F56: =SUM(F10:F55) | G56: =SUM(G10:G55) | H56: =SUM(H10:H55) | I56: =SUM(I10:I55) | J56: =SUM(J10:J55) | K56: =IF(E56>0, F56/E56, 0) | L56: =IF(K56>=1, "SUPERADO", "EN CURSO")

Sheet Mehmet
B2: CODIAGRO - SEGUIMIENTO COMERCIAL: MEHMET (UNIDADES)
B3: Seguimiento diario de Previsión Septiembre 2026 vs Pedidos a Fecha 30/09/2026
B5: ESTIMACIÓN SEP (U) | D5: PEDIDOS REALES (U) | F5: % CONSECUCIÓN | H5: FALTA CONSEGUIR (GAP) | J5: PENDIENTES SERVIR (U)
B6: 37,408 u | D6: 32,728 u | F6: 87.5% | H6: 4,680 u | J6: 21,060 u
B8: DETALLE COMPARATIVO POR CLIENTE Y ARTÍCULO - MEHMET (UNIDADES)
B9: Cliente | C9: Cód. Artículo | D9: Descripción Artículo | E9: Estimación Sep (u) | F9: Pedidos Sep (u) | G9: Servidas (u) | H9: Pendientes (u) | I9: Falta (u) | J9: Desv. (u) | K9: % Consec. | L9: Estado
B10: ÇITAR ÇIÇEK TARIM TIC. LTD. STI | C10: AN0005 | D10: ALCAPLANT NEW, 5 KG | E10: 5213.9788 | F10: 2200 | G10: 2200 | H10: 0 | I10: =MAX(0, E10-F10) | J10: =ABS(F10-E10) | K10: =IF(E10>0, F10/E10, IF(F10>0, 1, 0)) | L10: Rezagado
B11: ÇITAR ÇIÇEK TARIM TIC. LTD. STI | C11: BIO0020 | D11: BIORAD-20, 20 L | E11: 9479.9614 | F11: 10060 | G11: 0 | H11: 10060 | I11: =MAX(0, E11-F11) | J11: =ABS(F11-E11) | K11: =IF(E11>0, F11/E11, IF(F11>0, 1, 0)) | L11: Superado
B12: ÇITAR ÇIÇEK TARIM TIC. LTD. STI | C12: BIO1000 | D12: BIORAD-20, 1000 L | E12: 9479.9614 | F12: 11000 | G12: 0 | H12: 11000 | I12: =MAX(0, E12-F12) | J12: =ABS(F12-E12) | K12: =IF(E12>0, F12/E12, IF(F12>0, 1, 0)) | L12: Superado
B13: ÇITAR ÇIÇEK TARIM TIC. LTD. STI | C13: C-CU1000 | D13: CODICOBRE, 1000 L | E13: 1895.9923 | F13: 1000 | G13: 1000 | H13: 0 | I13: =MAX(0, E13-F13) | J13: =ABS(F13-E13) | K13: =IF(E13>0, F13/E13, IF(F13>0, 1, 0)) | L13: En Curso
B14: ÇITAR ÇIÇEK TARIM TIC. LTD. STI | C14: FTK0005 | D14: FITOKONTROL CA FLOW, 5 KG | E14: 9479.9614 | F14: 5500 | G14: 5500 | H14: 0 | I14: =MAX(0, E14-F14) | J14: =ABS(F14-E14) | K14: =IF(E14>0, F14/E14, IF(F14>0, 1, 0)) | L14: En Curso
B15: ÇITAR ÇIÇEK TARIM TIC. LTD. STI | C15: FU1000 | D15: FULVIGIN, 1000 L | E15: 0 | F15: 1000 | G15: 1000 | H15: 0 | I15: =MAX(0, E15-F15) | J15: =ABS(F15-E15) | K15: =IF(E15>0, F15/E15, IF(F15>0, 1, 0)) | L15: Extra Estimación
B16: ÇITAR ÇIÇEK TARIM TIC. LTD. STI | C16: RUN0001 | D16: RUN STRESS, 1 L | E16: 1858.0724 | F16: 1968 | G16: 1968 | H16: 0 | I16: =MAX(0, E16-F16) | J16: =ABS(F16-E16) | K16: =IF(E16>0, F16/E16, IF(F16>0, 1, 0)) | L16: Superado
B17: TOTAL MEHMET | C17: 61 líneas | E17: =SUM(E10:E16) | F17: =SUM(F10:F16) | G17: =SUM(G10:G16) | H17: =SUM(H10:H16) | I17: =SUM(I10:I16) | J17: =SUM(J10:J16) | K17: =IF(E17>0, F17/E17, 0) | L17: =IF(K17>=1, "SUPERADO", "EN CURSO")

Sheet Pedro
B2: CODIAGRO - SEGUIMIENTO COMERCIAL: PEDRO (UNIDADES)
B3: Seguimiento diario de Previsión Septiembre 2026 vs Pedidos a Fecha 30/09/2026
B5: ESTIMACIÓN SEP (U) | D5: PEDIDOS REALES (U) | F5: % CONSECUCIÓN | H5: FALTA CONSEGUIR (GAP) | J5: PENDIENTES SERVIR (U)
B6: 16,438 u | D6: 8,560 u | F6: 52.1% | H6: 7,878 u | J6: 0 u
B8: DETALLE COMPARATIVO POR CLIENTE Y ARTÍCULO - PEDRO (UNIDADES)
B9: Cliente | C9: Cód. Artículo | D9: Descripción Artículo | E9: Estimación Sep (u) | F9: Pedidos Sep (u) | G9: Servidas (u) | H9: Pendientes (u) | I9: Falta (u) | J9: Desv. (u) | K9: % Consec. | L9: Estado
B10: ASESORAMIENTO TECNICO DE CULTIVOS, S.L. | C10: AGXK0020 | D10: AGROXILATO-K, 20 L | E10: 606.7175 | F10: 0 | G10: 0 | H10: 0 | I10: =MAX(0, E10-F10) | J10: =ABS(F10-E10) | K10: =IF(E10>0, F10/E10, IF(F10>0, 1, 0)) | L10: Sin Pedido
B11: ASESORAMIENTO TECNICO DE CULTIVOS, S.L. | C11: B0005 | D11: BOROCAL, 5 L | E11: 284.3988 | F11: 0 | G11: 0 | H11: 0 | I11: =MAX(0, E11-F11) | J11: =ABS(F11-E11) | K11: =IF(E11>0, F11/E11, IF(F11>0, 1, 0)) | L11: Sin Pedido
B12: ASESORAMIENTO TECNICO DE CULTIVOS, S.L. | C12: B0020 | D12: BOROCAL, 20 L | E12: 1213.4351 | F12: 0 | G12: 0 | H12: 0 | I12: =MAX(0, E12-F12) | J12: =ABS(F12-E12) | K12: =IF(E12>0, F12/E12, IF(F12>0, 1, 0)) | L12: Sin Pedido
B13: ASESORAMIENTO TECNICO DE CULTIVOS, S.L. | C13: C-CU0020 | D13: CODICOBRE, 20 L | E13: 1213.4351 | F13: 0 | G13: 0 | H13: 0 | I13: =MAX(0, E13-F13) | J13: =ABS(F13-E13) | K13: =IF(E13>0, F13/E13, IF(F13>0, 1, 0)) | L13: Sin Pedido
B14: ASESORAMIENTO TECNICO DE CULTIVOS, S.L. | C14: PT0020 | D14: AGROPOTASION, 20 L | E14: 2426.8701 | F14: 1920 | G14: 1920 | H14: 0 | I14: =MAX(0, E14-F14) | J14: =ABS(F14-E14) | K14: =IF(E14>0, F14/E14, IF(F14>0, 1, 0)) | L14: En Curso
B15: COMERCIAL TÉCNICA FITOCARTHAGO, S.L. | C15: AGXK0200 | D15: AGROXILATO-K, 200 L | E15: 379.1985 | F15: 0 | G15: 0 | H15: 0 | I15: =MAX(0, E15-F15) | J15: =ABS(F15-E15) | K15: =IF(E15>0, F15/E15, IF(F15>0, 1, 0)) | L15: Sin Pedido
B16: COMERCIAL TÉCNICA FITOCARTHAGO, S.L. | C16: AGXK1000 | D16: AGROXILATO-K, 1000 L | E16: 1895.9923 | F16: 0 | G16: 0 | H16: 0 | I16: =MAX(0, E16-F16) | J16: =ABS(F16-E16) | K16: =IF(E16>0, F16/E16, IF(F16>0, 1, 0)) | L16: Sin Pedido
B17: COMERCIAL TÉCNICA FITOCARTHAGO, S.L. | C17: AN0020 | D17: ALCAPLANT NEW, 20 KG | E17: 2085.5915 | F17: 2200 | G17: 2200 | H17: 0 | I17: =MAX(0, E17-F17) | J17: =ABS(F17-E17) | K17: =IF(E17>0, F17/E17, IF(F17>0, 1, 0)) | L17: Superado
B18: COMERCIAL TÉCNICA FITOCARTHAGO, S.L. | C18: AQUOM0020 | D18: AQUOM, 20 L | E18: 0 | F18: 200 | G18: 200 | H18: 0 | I18: =MAX(0, E18-F18) | J18: =ABS(F18-E18) | K18: =IF(E18>0, F18/E18, IF(F18>0, 1, 0)) | L18: Extra Estimación
B19: COMERCIAL TÉCNICA FITOCARTHAGO, S.L. | C19: N0200 | D19: NUTRICALE, 200 L | E19: 0 | F19: 200 | G19: 200 | H19: 0 | I19: =MAX(0, E19-F19) | J19: =ABS(F19-E19) | K19: =IF(E19>0, F19/E19, IF(F19>0, 1, 0)) | L19: Extra Estimación
B20: COMERCIAL TÉCNICA FITOCARTHAGO, S.L. | C20: PT0200 | D20: AGROPOTASION, 200 L | E20: 0 | F20: 600 | G20: 600 | H20: 0 | I20: =MAX(0, E20-F20) | J20: =ABS(F20-E20) | K20: =IF(E20>0, F20/E20, IF(F20>0, 1, 0)) | L20: Extra Estimación
B21: COMERCIAL TÉCNICA FITOCARTHAGO, S.L. | C21: PT1000 | D21: AGROPOTASION, 1000 L | E21: 0 | F21: 1000 | G21: 1000 | H21: 0 | I21: =MAX(0, E21-F21) | J21: =ABS(F21-E21) | K21: =IF(E21>0, F21/E21, IF(F21>0, 1, 0)) | L21: Extra Estimación
... B32: FITOMURCIA S.L. | C32: SS0005 | D32: SAL-WAX-Ca sólido, 5 KG | E32: 0 | F32: 300 | G32: 300 | H32: 0 | I32: =MAX(0, E32-F32) | J32: =ABS(F32-E32) | K32: =IF(E32>0, F32/E32, IF(F32>0, 1, 0)) | L32: Extra Estimación
B33: TOTAL PEDRO | C33: 106 líneas | E33: =SUM(E10:E32) | F33: =SUM(F10:F32) | G33: =SUM(G10:G32) | H33: =SUM(H10:H32) | I33: =SUM(I10:I32) | J33: =SUM(J10:J32) | K33: =IF(E33>0, F33/E33, 0) | L33: =IF(K33>=1, "SUPERADO", "EN CURSO")

Sheet Ricardo
B2: CODIAGRO - SEGUIMIENTO COMERCIAL: RICARDO (UNIDADES)
B3: Seguimiento diario de Previsión Septiembre 2026 vs Pedidos a Fecha 30/09/2026
B5: ESTIMACIÓN SEP (U) | D5: PEDIDOS REALES (U) | F5: % CONSECUCIÓN | H5: FALTA CONSEGUIR (GAP) | J5: PENDIENTES SERVIR (U)
B6: 43,608 u | D6: 54,908 u | F6: 125.9% | H6: 0 u | J6: 10,184 u
B8: DETALLE COMPARATIVO POR CLIENTE Y ARTÍCULO - RICARDO (UNIDADES)
B9: Cliente | C9: Cód. Artículo | D9: Descripción Artículo | E9: Estimación Sep (u) | F9: Pedidos Sep (u) | G9: Servidas (u) | H9: Pendientes (u) | I9: Falta (u) | J9: Desv. (u) | K9: % Consec. | L9: Estado
B10: AIFAR S.P.A | C10: FIORI1000 | D10: RADIFIORI, 1000 L | E10: 0 | F10: 3000 | G10: 3000 | H10: 0 | I10: =MAX(0, E10-F10) | J10: =ABS(F10-E10) | K10: =IF(E10>0, F10/E10, IF(F10>0, 1, 0)) | L10: Extra Estimación
B11: CAMPO ABIERTO, S.A.S. | C11: AGXCR0001 | D11: AGROXILATO-K | E11: 0 | F11: 840 | G11: 0 | H11: 840 | I11: =MAX(0, E11-F11) | J11: =ABS(F11-E11) | K11: =IF(E11>0, F11/E11, IF(F11>0, 1, 0)) | L11: Extra Estimación
B12: CAMPO ABIERTO, S.A.S. | C12: AGXCR0020 | D12: AGROXILATO-K | E12: 0 | F12: 2000 | G12: 0 | H12: 2000 | I12: =MAX(0, E12-F12) | J12: =ABS(F12-E12) | K12: =IF(E12>0, F12/E12, IF(F12>0, 1, 0)) | L12: Extra Estimación
B13: CAMPO ABIERTO, S.A.S. | C13: AN0020 | D13: ALCAPLANT NEW | E13: 0 | F13: 4000 | G13: 0 | H13: 4000 | I13: =MAX(0, E13-F13) | J13: =ABS(F13-E13) | K13: =IF(E13>0, F13/E13, IF(F13>0, 1, 0)) | L13: Extra Estimación
B14: CAMPO ABIERTO, S.A.S. | C14: G30001 | D14: GREEN-UP, 1 L | E14: 0 | F14: 240 | G14: 0 | H14: 240 | I14: =MAX(0, E14-F14) | J14: =ABS(F14-E14) | K14: =IF(E14>0, F14/E14, IF(F14>0, 1, 0)) | L14: Extra Estimación
B15: CAMPO ABIERTO, S.A.S. | C15: SSEG0001 | D15: SALWAX CALCIO | E15: 0 | F15: 324 | G15: 0 | H15: 324 | I15: =MAX(0, E15-F15) | J15: =ABS(F15-E15) | K15: =IF(E15>0, F15/E15, IF(F15>0, 1, 0)) | L15: Extra Estimación
B16: CAMPO ABIERTO, S.A.S. | C16: SSEG0005 | D16: SALWAX CALCIO EGIPTO, 5 KG | E16: 0 | F16: 480 | G16: 0 | H16: 480 | I16: =MAX(0, E16-F16) | J16: =ABS(F16-E16) | K16: =IF(E16>0, F16/E16, IF(F16>0, 1, 0)) | L16: Extra Estimación
B17: CAMPO ABIERTO, S.A.S. | C17: SSEG0020 | D17: SALWAX CALCIO EGIPTO, 20 KG | E17: 0 | F17: 1200 | G17: 0 | H17: 1200 | I17: =MAX(0, E17-F17) | J17: =ABS(F17-E17) | K17: =IF(E17>0, F17/E17, IF(F17>0, 1, 0)) | L17: Extra Estimación
B18: ECUAQUIMICA | C18: AN0005 | D18: ALCAPLANT NEW | E18: 0 | F18: 2200 | G18: 2200 | H18: 0 | I18: =MAX(0, E18-F18) | J18: =ABS(F18-E18) | K18: =IF(E18>0, F18/E18, IF(F18>0, 1, 0)) | L18: Extra Estimación
B19: ECUAQUIMICA | C19: AN0020 | D19: ALCAPLANT NEW | E19: 0 | F19: 6600 | G19: 6600 | H19: 0 | I19: =MAX(0, E19-F19) | J19: =ABS(F19-E19) | K19: =IF(E19>0, F19/E19, IF(F19>0, 1, 0)) | L19: Extra Estimación
B20: EUROFERTIL, S.A. | C20: F-A1000 | D20: FITOLIN AGRO | E20: 1895.9923 | F20: 0 | G20: 0 | H20: 0 | I20: =MAX(0, E20-F20) | J20: =ABS(F20-E20) | K20: =IF(E20>0, F20/E20, IF(F20>0, 1, 0)) | L20: Sin Pedido
B21: EUROFERTIL, S.A. | C21: AGXCR1000 | D21: AGROXILATO-K, 1000 L | E21: 0 | F21: 3000 | G21: 3000 | H21: 0 | I21: =MAX(0, E21-F21) | J21: =ABS(F21-E21) | K21: =IF(E21>0, F21/E21, IF(F21>0, 1, 0)) | L21: Extra Estimación
... B43: SERVICIOS AGROPECUARIOS EL LLANO, S. A. | C43: SS0001 | D43: SAL WAX MAX, 1 KG | E43: 0 | F43: 1584 | G43: 1584 | H43: 0 | I43: =MAX(0, E43-F43) | J43: =ABS(F43-E43) | K43: =IF(E43>0, F43/E43, IF(F43>0, 1, 0)) | L43: Extra Estimación
B44: TOTAL RICARDO | C44: 137 líneas | E44: =SUM(E10:E43) | F44: =SUM(F10:F43) | G44: =SUM(G10:G43) | H44: =SUM(H10:H43) | I44: =SUM(I10:I43) | J44: =SUM(J10:J43) | K44: =IF(E44>0, F44/E44, 0) | L44: =IF(K44>=1, "SUPERADO", "EN CURSO")
